event,peak_year,peak_month,peak_oni,category,notes
1982–83,1983,1,2.1,super,First instrumentally well-documented Super El Niño
1986–87,1987,2,1.6,strong,Moderate event; reduced Kisalföld snowpack
1991–92,1992,1,1.7,strong,Spring precipitation increase; late frost
1997–98,1998,1,2.4,super,Record warm DJF; spring Danube flooding
2002–03,2003,1,1.2,moderate,Preceded 2003 heatwave; summer drought
2009–10,2010,1,1.5,moderate,Record negative NAO offset the warming
2015–16,2016,1,2.6,super,Driest Central European summer since 1901
2023–24,2024,1,2.0,super,Warmest global year on record
2026–27,2027,1,2.8,super,Forecast; 96–98% probability (NOAA/IRI May 2026)
