year,month,temp_c,precip_mm,oni,phase,warming_trend_c,t_enso_signal,p_enso_signal
1950,1,2.18,41.7,-1.53,la_nina,-0.75,-0.612,-4.59
1950,2,-1.39,23.6,-1.34,la_nina,-0.75,-0.536,-4.02
1950,3,7.11,48.8,-1.16,la_nina,-0.75,-0.232,-9.28
1950,4,4.97,4.4,-1.18,la_nina,-0.75,-0.236,-9.44
1950,5,15.96,51.3,-1.07,la_nina,-0.75,-0.214,-8.56
1950,6,20.53,128.4,-0.85,la_nina,-0.75,0.085,10.2
1950,7,18.25,54.4,-0.54,la_nina,-0.75,0.054,6.48
1950,8,22.0,92.7,-0.42,neutral,-0.75,0.042,5.04
1950,9,14.76,40.8,-0.39,neutral,-0.75,-0.039,0.0
1950,10,11.69,29.3,-0.44,neutral,-0.75,-0.044,0.0
1950,11,3.89,86.6,-0.6,la_nina,-0.75,-0.06,0.0
1950,12,-5.29,8.1,-0.8,la_nina,-0.75,-0.32,-2.4
1951,1,0.32,14.6,-0.82,la_nina,-0.72,-0.328,-2.46
1951,2,-1.53,3.8,-0.54,la_nina,-0.72,-0.216,-1.62
1951,3,4.17,46.8,-0.17,neutral,-0.72,-0.034,-1.36
1951,4,11.89,61.1,0.18,neutral,-0.72,0.036,1.44
1951,5,12.88,47.9,0.36,neutral,-0.72,0.072,2.88
1951,6,17.46,55.2,0.58,el_nino,-0.72,-0.058,-6.96
1951,7,22.13,57.6,0.7,el_nino,-0.72,-0.07,-8.4
1951,8,19.77,54.4,0.89,el_nino,-0.72,-0.089,-10.68
1951,9,17.42,47.1,0.99,el_nino,-0.72,0.099,0.0
1951,10,11.14,39.4,1.15,el_nino,-0.72,0.115,0.0
1951,11,3.67,41.4,1.04,el_nino,-0.72,0.104,0.0
1951,12,2.05,46.6,0.81,el_nino,-0.72,0.324,2.43
1952,1,-6.5,15.2,0.53,el_nino,-0.69,0.212,1.59
1952,2,-1.17,33.5,0.37,neutral,-0.69,0.148,1.11
1952,3,9.72,49.2,0.34,neutral,-0.69,0.068,2.72
1952,4,9.49,65.7,0.29,neutral,-0.69,0.058,2.32
1952,5,17.61,59.1,0.2,neutral,-0.69,0.04,1.6
1952,6,20.44,28.3,0.0,neutral,-0.69,-0.0,-0.0
1952,7,23.16,34.1,-0.08,neutral,-0.69,0.008,0.96
1952,8,20.53,10.1,0.0,neutral,-0.69,-0.0,-0.0
1952,9,16.46,64.1,0.15,neutral,-0.69,0.015,0.0
1952,10,4.81,49.8,0.1,neutral,-0.69,0.01,0.0
1952,11,2.2,62.3,0.04,neutral,-0.69,0.004,0.0
1952,12,-4.97,85.7,0.15,neutral,-0.69,0.06,0.45
1953,1,-2.77,28.7,0.4,neutral,-0.66,0.16,1.2
1953,2,-2.65,47.9,0.6,el_nino,-0.66,0.24,1.8
1953,3,9.26,16.5,0.63,el_nino,-0.66,0.126,5.04
1953,4,9.66,68.8,0.66,el_nino,-0.66,0.132,5.28
1953,5,16.48,40.7,0.75,el_nino,-0.66,0.15,6.0
1953,6,19.09,88.7,0.77,el_nino,-0.66,-0.077,-9.24
1953,7,19.12,63.2,0.75,el_nino,-0.66,-0.075,-9.0
1953,8,21.8,53.4,0.73,el_nino,-0.66,-0.073,-8.76
1953,9,14.57,61.8,0.78,el_nino,-0.66,0.078,0.0
1953,10,8.96,114.8,0.84,el_nino,-0.66,0.084,0.0
1953,11,1.21,58.5,0.84,el_nino,-0.66,0.084,0.0
1953,12,3.82,35.6,0.81,el_nino,-0.66,0.324,2.43
1954,1,-6.05,15.4,0.76,el_nino,-0.63,0.304,2.28
1954,2,-2.49,22.7,0.47,neutral,-0.63,0.188,1.41
1954,3,5.38,37.6,-0.05,neutral,-0.63,-0.01,-0.4
1954,4,11.87,50.1,-0.41,neutral,-0.63,-0.082,-3.28
1954,5,12.46,84.3,-0.54,la_nina,-0.63,-0.108,-4.32
1954,6,17.62,19.8,-0.5,la_nina,-0.63,0.05,6.0
1954,7,21.24,59.4,-0.64,la_nina,-0.63,0.064,7.68
1954,8,19.26,52.5,-0.84,la_nina,-0.63,0.084,10.08
1954,9,17.23,46.5,-0.9,la_nina,-0.63,-0.09,0.0
1954,10,9.43,55.9,-0.77,la_nina,-0.63,-0.077,0.0
1954,11,0.36,52.1,-0.73,la_nina,-0.63,-0.073,0.0
1954,12,-1.51,58.9,-0.66,la_nina,-0.63,-0.264,-1.98
1955,1,-2.32,65.1,-0.68,la_nina,-0.6,-0.272,-2.04
1955,2,1.42,31.1,-0.62,la_nina,-0.6,-0.248,-1.86
1955,3,3.49,9.4,-0.69,la_nina,-0.6,-0.138,-5.52
1955,4,8.54,75.7,-0.8,la_nina,-0.6,-0.16,-6.4
1955,5,16.34,40.6,-0.79,la_nina,-0.6,-0.158,-6.32
1955,6,21.05,9.0,-0.72,la_nina,-0.6,0.072,8.64
1955,7,19.34,58.1,-0.68,la_nina,-0.6,0.068,8.16
1955,8,16.11,121.7,-0.75,la_nina,-0.6,0.075,9.0
1955,9,18.24,34.4,-1.09,la_nina,-0.6,-0.109,0.0
1955,10,9.85,44.9,-1.42,la_nina,-0.6,-0.142,0.0
1955,11,6.56,73.1,-1.67,la_nina,-0.6,-0.167,0.0
1955,12,-0.93,92.7,-1.47,la_nina,-0.6,-0.588,-4.41
1956,1,-5.84,22.7,-1.11,la_nina,-0.57,-0.444,-3.33
1956,2,1.18,33.7,-0.76,la_nina,-0.57,-0.304,-2.28
1956,3,6.83,30.0,-0.63,la_nina,-0.57,-0.126,-5.04
1956,4,12.71,59.8,-0.54,la_nina,-0.57,-0.108,-4.32
1956,5,17.16,60.2,-0.52,la_nina,-0.57,-0.104,-4.16
1956,6,20.77,53.0,-0.51,la_nina,-0.57,0.051,6.12
1956,7,23.09,76.1,-0.57,la_nina,-0.57,0.057,6.84
1956,8,21.33,17.8,-0.55,la_nina,-0.57,0.055,6.6
1956,9,13.14,15.3,-0.46,neutral,-0.57,-0.046,0.0
1956,10,12.88,40.1,-0.42,neutral,-0.57,-0.042,0.0
1956,11,1.47,54.7,-0.43,neutral,-0.57,-0.043,0.0
1956,12,-7.92,101.1,-0.43,neutral,-0.57,-0.172,-1.29
1957,1,2.81,31.2,-0.25,neutral,-0.54,-0.1,-0.75
1957,2,-0.69,39.3,0.06,neutral,-0.54,0.024,0.18
1957,3,6.42,45.6,0.41,neutral,-0.54,0.082,3.28
1957,4,10.62,62.7,0.72,el_nino,-0.54,0.144,5.76
1957,5,16.17,53.7,0.92,el_nino,-0.54,0.184,7.36
1957,6,17.77,87.0,1.11,el_nino,-0.54,-0.111,-13.32
1957,7,20.64,38.9,1.25,el_nino,-0.54,-0.125,-15.0
1957,8,18.87,27.5,1.32,el_nino,-0.54,-0.132,-15.84
1957,9,15.56,41.0,1.33,el_nino,-0.54,0.133,0.0
1957,10,10.81,54.5,1.39,el_nino,-0.54,0.139,0.0
1957,11,3.58,43.3,1.53,el_nino,-0.54,0.153,0.0
1957,12,-0.27,71.1,1.74,el_nino,-0.54,0.696,5.22
1958,1,-1.87,71.7,1.81,el_nino,-0.51,0.724,5.43
1958,2,3.98,18.7,1.66,el_nino,-0.51,0.664,4.98
1958,3,2.96,88.0,1.27,el_nino,-0.51,0.254,10.16
1958,4,8.84,0.4,0.93,el_nino,-0.51,0.186,7.44
1958,5,17.66,121.9,0.74,el_nino,-0.51,0.148,5.92
1958,6,18.36,68.4,0.64,el_nino,-0.51,-0.064,-7.68
1958,7,19.99,78.9,0.57,el_nino,-0.51,-0.057,-6.84
1958,8,21.99,0.0,0.43,neutral,-0.51,-0.043,-5.16
1958,9,16.76,22.3,0.39,neutral,-0.51,0.039,0.0
1958,10,12.38,16.3,0.44,neutral,-0.51,0.044,0.0
1958,11,4.46,45.2,0.5,el_nino,-0.51,0.05,0.0
1958,12,-2.23,14.4,0.61,el_nino,-0.51,0.244,1.83
1959,1,-6.4,26.2,0.61,el_nino,-0.48,0.244,1.83
1959,2,-1.68,61.8,0.62,el_nino,-0.48,0.248,1.86
1959,3,5.01,52.4,0.52,el_nino,-0.48,0.104,4.16
1959,4,8.74,24.2,0.33,neutral,-0.48,0.066,2.64
1959,5,14.27,67.5,0.2,neutral,-0.48,0.04,1.6
1959,6,18.07,39.2,-0.07,neutral,-0.48,0.007,0.84
1959,7,21.28,38.0,-0.18,neutral,-0.48,0.018,2.16
1959,8,19.35,17.7,-0.28,neutral,-0.48,0.028,3.36
1959,9,14.79,27.7,-0.09,neutral,-0.48,-0.009,0.0
1959,10,7.93,58.4,-0.03,neutral,-0.48,-0.003,0.0
1959,11,2.85,56.6,0.05,neutral,-0.48,0.005,0.0
1959,12,3.26,65.5,-0.04,neutral,-0.48,-0.016,-0.12
1960,1,-8.09,34.7,-0.1,neutral,-0.45,-0.04,-0.3
1960,2,-2.33,27.2,-0.1,neutral,-0.45,-0.04,-0.3
1960,3,7.8,41.5,-0.07,neutral,-0.45,-0.014,-0.56
1960,4,10.43,39.1,0.03,neutral,-0.45,0.006,0.24
1960,5,15.66,16.1,0.02,neutral,-0.45,0.004,0.16
1960,6,18.69,101.6,0.03,neutral,-0.45,-0.003,-0.36
1960,7,19.57,54.0,0.13,neutral,-0.45,-0.013,-1.56
1960,8,22.2,120.6,0.24,neutral,-0.45,-0.024,-2.88
1960,9,12.06,37.5,0.27,neutral,-0.45,0.027,0.0
1960,10,8.02,31.1,0.2,neutral,-0.45,0.02,0.0
1960,11,6.87,50.5,0.12,neutral,-0.45,0.012,0.0
1960,12,-0.57,22.6,0.05,neutral,-0.45,0.02,0.15
1961,1,1.82,21.6,0.04,neutral,-0.42,0.016,0.12
1961,2,-0.7,36.3,0.03,neutral,-0.42,0.012,0.09
1961,3,4.44,39.6,0.04,neutral,-0.42,0.008,0.32
1961,4,10.41,38.9,0.09,neutral,-0.42,0.018,0.72
1961,5,13.44,51.6,0.23,neutral,-0.42,0.046,1.84
1961,6,23.07,48.7,0.27,neutral,-0.42,-0.027,-3.24
1961,7,20.01,58.7,0.14,neutral,-0.42,-0.014,-1.68
1961,8,20.49,27.8,-0.13,neutral,-0.42,0.013,1.56
1961,9,14.66,27.0,-0.3,neutral,-0.42,-0.03,0.0
1961,10,9.91,8.8,-0.26,neutral,-0.42,-0.026,0.0
1961,11,4.58,39.0,-0.19,neutral,-0.42,-0.019,0.0
1961,12,-0.16,39.1,-0.16,neutral,-0.42,-0.064,-0.48
1962,1,-2.17,8.0,-0.24,neutral,-0.39,-0.096,-0.72
1962,2,2.48,33.5,-0.22,neutral,-0.39,-0.088,-0.66
1962,3,2.73,18.0,-0.2,neutral,-0.39,-0.04,-1.6
1962,4,6.05,34.4,-0.26,neutral,-0.39,-0.052,-2.08
1962,5,15.15,65.8,-0.28,neutral,-0.39,-0.056,-2.24
1962,6,13.21,0.0,-0.2,neutral,-0.39,0.02,2.4
1962,7,22.21,82.5,-0.04,neutral,-0.39,0.004,0.48
1962,8,20.65,8.6,-0.07,neutral,-0.39,0.007,0.84
1962,9,15.56,93.0,-0.11,neutral,-0.39,-0.011,0.0
1962,10,10.44,40.1,-0.22,neutral,-0.39,-0.022,0.0
1962,11,2.35,7.1,-0.31,neutral,-0.39,-0.031,0.0
1962,12,0.2,95.1,-0.43,neutral,-0.39,-0.172,-1.29
1963,1,-4.62,25.7,-0.4,neutral,-0.36,-0.16,-1.2
1963,2,1.76,5.2,-0.15,neutral,-0.36,-0.06,-0.45
1963,3,7.04,37.3,0.15,neutral,-0.36,0.03,1.2
1963,4,8.33,46.0,0.27,neutral,-0.36,0.054,2.16
1963,5,19.02,45.3,0.31,neutral,-0.36,0.062,2.48
1963,6,16.43,83.6,0.52,el_nino,-0.36,-0.052,-6.24
1963,7,19.33,77.2,0.86,el_nino,-0.36,-0.086,-10.32
1963,8,19.8,87.5,1.14,el_nino,-0.36,-0.114,-13.68
1963,9,15.78,28.0,1.22,el_nino,-0.36,0.122,0.0
1963,10,10.84,43.7,1.29,el_nino,-0.36,0.129,0.0
1963,11,1.17,46.2,1.37,el_nino,-0.36,0.137,0.0
1963,12,-3.34,11.4,1.31,el_nino,-0.36,0.524,3.93
1964,1,-1.24,37.0,1.07,el_nino,-0.33,0.428,3.21
1964,2,5.05,14.6,0.62,el_nino,-0.33,0.248,1.86
1964,3,5.48,17.8,0.12,neutral,-0.33,0.024,0.96
1964,4,12.51,57.7,-0.33,neutral,-0.33,-0.066,-2.64
1964,5,16.23,107.2,-0.58,la_nina,-0.33,-0.116,-4.64
1964,6,21.48,56.2,-0.58,la_nina,-0.33,0.058,6.96
1964,7,21.89,52.9,-0.6,la_nina,-0.33,0.06,7.2
1964,8,20.66,31.4,-0.66,la_nina,-0.33,0.066,7.92
1964,9,15.82,89.1,-0.76,la_nina,-0.33,-0.076,0.0
1964,10,8.54,6.0,-0.8,la_nina,-0.33,-0.08,0.0
1964,11,2.82,47.9,-0.82,la_nina,-0.33,-0.082,0.0
1964,12,-0.27,25.9,-0.78,la_nina,-0.33,-0.312,-2.34
1965,1,-3.98,62.7,-0.59,la_nina,-0.3,-0.236,-1.77
1965,2,1.91,29.6,-0.28,neutral,-0.3,-0.112,-0.84
1965,3,4.5,0.3,-0.07,neutral,-0.3,-0.014,-0.56
1965,4,14.91,30.0,0.18,neutral,-0.3,0.036,1.44
1965,5,15.06,109.5,0.46,neutral,-0.3,0.092,3.68
1965,6,20.34,71.7,0.83,el_nino,-0.3,-0.083,-9.96
1965,7,18.46,51.5,1.22,el_nino,-0.3,-0.122,-14.64
1965,8,19.2,111.7,1.54,el_nino,-0.3,-0.154,-18.48
1965,9,16.42,67.9,1.85,el_nino,-0.3,0.185,0.0
1965,10,10.51,86.8,1.98,el_nino,-0.3,0.198,0.0
1965,11,4.71,17.0,1.97,el_nino,-0.3,0.197,0.0
1965,12,-6.1,51.4,1.72,el_nino,-0.3,0.688,5.16
1966,1,-4.28,73.9,1.37,el_nino,-0.27,0.548,4.11
1966,2,3.96,36.2,1.17,el_nino,-0.27,0.468,3.51
1966,3,8.53,31.4,0.98,el_nino,-0.27,0.196,7.84
1966,4,5.48,33.8,0.66,el_nino,-0.27,0.132,5.28
1966,5,16.48,6.9,0.35,neutral,-0.27,0.07,2.8
1966,6,18.91,84.7,0.24,neutral,-0.27,-0.024,-2.88
1966,7,19.1,57.0,0.24,neutral,-0.27,-0.024,-2.88
1966,8,21.63,50.2,0.12,neutral,-0.27,-0.012,-1.44
1966,9,19.89,23.3,-0.05,neutral,-0.27,-0.005,0.0
1966,10,10.82,46.1,-0.1,neutral,-0.27,-0.01,0.0
1966,11,4.75,40.3,-0.18,neutral,-0.27,-0.018,0.0
1966,12,2.16,58.5,-0.3,neutral,-0.27,-0.12,-0.9
1967,1,-6.81,16.0,-0.41,neutral,-0.24,-0.164,-1.23
1967,2,-3.15,32.1,-0.48,neutral,-0.24,-0.192,-1.44
1967,3,6.32,52.3,-0.53,la_nina,-0.24,-0.106,-4.24
1967,4,12.93,52.3,-0.45,neutral,-0.24,-0.09,-3.6
1967,5,16.35,67.1,-0.24,neutral,-0.24,-0.048,-1.92
1967,6,21.37,23.6,-0.0,neutral,-0.24,0.0,0.0
1967,7,20.1,12.2,0.05,neutral,-0.24,-0.005,-0.6
1967,8,25.49,74.3,-0.16,neutral,-0.24,0.016,1.92
1967,9,15.04,1.0,-0.3,neutral,-0.24,-0.03,0.0
1967,10,7.72,37.5,-0.38,neutral,-0.24,-0.038,0.0
1967,11,7.32,89.4,-0.34,neutral,-0.24,-0.034,0.0
1967,12,3.37,38.4,-0.44,neutral,-0.24,-0.176,-1.32
1968,1,-5.46,63.3,-0.64,la_nina,-0.21,-0.256,-1.92
1968,2,1.96,27.7,-0.74,la_nina,-0.21,-0.296,-2.22
1968,3,4.64,48.3,-0.62,la_nina,-0.21,-0.124,-4.96
1968,4,9.31,24.0,-0.44,neutral,-0.21,-0.088,-3.52
1968,5,15.18,99.1,-0.04,neutral,-0.21,-0.008,-0.32
1968,6,19.23,86.3,0.28,neutral,-0.21,-0.028,-3.36
1968,7,23.44,32.0,0.58,el_nino,-0.21,-0.058,-6.96
1968,8,19.09,0.0,0.53,el_nino,-0.21,-0.053,-6.36
1968,9,13.45,72.6,0.45,neutral,-0.21,0.045,0.0
1968,10,11.36,93.5,0.55,el_nino,-0.21,0.055,0.0
1968,11,2.62,10.1,0.73,el_nino,-0.21,0.073,0.0
1968,12,-2.63,64.5,0.98,el_nino,-0.21,0.392,2.94
1969,1,-3.73,22.1,1.13,el_nino,-0.18,0.452,3.39
1969,2,-2.52,38.9,1.09,el_nino,-0.18,0.436,3.27
1969,3,7.78,43.2,0.95,el_nino,-0.18,0.19,7.6
1969,4,8.5,24.5,0.77,el_nino,-0.18,0.154,6.16
1969,5,18.28,70.4,0.61,el_nino,-0.18,0.122,4.88
1969,6,18.45,18.9,0.43,neutral,-0.18,-0.043,-5.16
1969,7,21.24,100.3,0.36,neutral,-0.18,-0.036,-4.32
1969,8,19.34,40.6,0.51,el_nino,-0.18,-0.051,-6.12
1969,9,16.21,15.0,0.79,el_nino,-0.18,0.079,0.0
1969,10,12.97,80.6,0.86,el_nino,-0.18,0.086,0.0
1969,11,-1.49,62.8,0.81,el_nino,-0.18,0.081,0.0
1969,12,-6.55,50.5,0.63,el_nino,-0.18,0.252,1.89
1970,1,2.05,42.6,0.51,el_nino,-0.15,0.204,1.53
1970,2,-0.39,52.6,0.34,neutral,-0.15,0.136,1.02
1970,3,5.15,13.2,0.29,neutral,-0.15,0.058,2.32
1970,4,11.11,28.8,0.19,neutral,-0.15,0.038,1.52
1970,5,15.18,157.5,0.04,neutral,-0.15,0.008,0.32
1970,6,19.14,12.5,-0.3,neutral,-0.15,0.03,3.6
1970,7,21.43,27.7,-0.63,la_nina,-0.15,0.063,7.56
1970,8,24.05,10.1,-0.76,la_nina,-0.15,0.076,9.12
1970,9,16.83,63.3,-0.77,la_nina,-0.15,-0.077,0.0
1970,10,11.42,51.6,-0.74,la_nina,-0.15,-0.074,0.0
1970,11,0.01,54.7,-0.86,la_nina,-0.15,-0.086,0.0
1970,12,-0.16,77.6,-1.15,la_nina,-0.15,-0.46,-3.45
1971,1,1.83,36.8,-1.36,la_nina,-0.12,-0.544,-4.08
1971,2,3.26,0.0,-1.38,la_nina,-0.12,-0.552,-4.14
1971,3,4.25,54.4,-1.12,la_nina,-0.12,-0.224,-8.96
1971,4,13.87,57.4,-0.85,la_nina,-0.12,-0.17,-6.8
1971,5,14.91,49.1,-0.73,la_nina,-0.12,-0.146,-5.84
1971,6,18.45,5.5,-0.74,la_nina,-0.12,0.074,8.88
1971,7,21.45,71.0,-0.8,la_nina,-0.12,0.08,9.6
1971,8,21.17,56.5,-0.77,la_nina,-0.12,0.077,9.24
1971,9,15.29,25.8,-0.82,la_nina,-0.12,-0.082,0.0
1971,10,8.83,32.3,-0.85,la_nina,-0.12,-0.085,0.0
1971,11,1.0,72.5,-0.96,la_nina,-0.12,-0.096,0.0
1971,12,3.79,61.6,-0.9,la_nina,-0.12,-0.36,-2.7
1972,1,-2.09,5.9,-0.71,la_nina,-0.09,-0.284,-2.13
1972,2,-1.29,27.8,-0.35,neutral,-0.09,-0.14,-1.05
1972,3,4.79,32.0,0.06,neutral,-0.09,0.012,0.48
1972,4,10.15,54.1,0.41,neutral,-0.09,0.082,3.28
1972,5,17.37,45.1,0.67,el_nino,-0.09,0.134,5.36
1972,6,22.6,84.9,0.92,el_nino,-0.09,-0.092,-11.04
1972,7,21.96,63.4,1.13,el_nino,-0.09,-0.113,-13.56
1972,8,18.96,58.3,1.37,el_nino,-0.09,-0.137,-16.44
1972,9,16.09,40.0,1.58,el_nino,-0.09,0.158,0.0
1972,10,11.6,49.3,1.84,el_nino,-0.09,0.184,0.0
1972,11,8.05,92.9,2.09,el_nino,-0.09,0.209,0.0
1972,12,5.19,40.9,2.12,el_nino,-0.09,0.848,6.36
1973,1,3.11,40.0,1.84,el_nino,-0.06,0.736,5.52
1973,2,3.36,28.0,1.25,el_nino,-0.06,0.5,3.75
1973,3,10.34,59.5,0.54,el_nino,-0.06,0.108,4.32
1973,4,10.11,69.9,-0.1,neutral,-0.06,-0.02,-0.8
1973,5,15.11,39.9,-0.54,la_nina,-0.06,-0.108,-4.32
1973,6,20.8,42.3,-0.87,la_nina,-0.06,0.087,10.44
1973,7,20.29,69.5,-1.11,la_nina,-0.06,0.111,13.32
1973,8,20.83,133.1,-1.28,la_nina,-0.06,0.128,15.36
1973,9,16.06,76.2,-1.45,la_nina,-0.06,-0.145,0.0
1973,10,8.21,42.6,-1.71,la_nina,-0.06,-0.171,0.0
1973,11,6.9,12.4,-1.95,la_nina,-0.06,-0.195,0.0
1973,12,0.74,20.6,-2.03,la_nina,-0.06,-0.812,-6.09
1974,1,-6.83,1.3,-1.84,la_nina,-0.03,-0.736,-5.52
1974,2,0.45,0.0,-1.55,la_nina,-0.03,-0.62,-4.65
1974,3,4.48,53.5,-1.23,la_nina,-0.03,-0.246,-9.84
1974,4,12.93,40.7,-1.03,la_nina,-0.03,-0.206,-8.24
1974,5,15.53,48.2,-0.91,la_nina,-0.03,-0.182,-7.28
1974,6,21.08,46.1,-0.77,la_nina,-0.03,0.077,9.24
1974,7,24.4,74.3,-0.53,la_nina,-0.03,0.053,6.36
1974,8,20.06,31.2,-0.37,neutral,-0.03,0.037,4.44
1974,9,17.9,50.1,-0.41,neutral,-0.03,-0.041,0.0
1974,10,9.43,5.3,-0.61,la_nina,-0.03,-0.061,0.0
1974,11,8.08,83.4,-0.75,la_nina,-0.03,-0.075,0.0
1974,12,0.96,14.0,-0.64,la_nina,-0.03,-0.256,-1.92
1975,1,-0.23,44.2,-0.54,la_nina,0.0,-0.216,-1.62
1975,2,-0.96,37.7,-0.57,la_nina,0.0,-0.228,-1.71
1975,3,6.7,46.8,-0.65,la_nina,0.0,-0.13,-5.2
1975,4,12.59,2.5,-0.73,la_nina,0.0,-0.146,-5.84
1975,5,14.73,16.7,-0.83,la_nina,0.0,-0.166,-6.64
1975,6,20.91,41.4,-0.98,la_nina,0.0,0.098,11.76
1975,7,20.07,61.6,-1.13,la_nina,0.0,0.113,13.56
1975,8,19.45,52.4,-1.2,la_nina,0.0,0.12,14.4
1975,9,19.14,24.8,-1.37,la_nina,0.0,-0.137,0.0
1975,10,11.01,41.4,-1.43,la_nina,0.0,-0.143,0.0
1975,11,8.23,89.4,-1.55,la_nina,0.0,-0.155,0.0
1975,12,2.64,16.9,-1.65,la_nina,0.0,-0.66,-4.95
1976,1,-3.74,19.6,-1.56,la_nina,0.03,-0.624,-4.68
1976,2,-5.08,39.2,-1.17,la_nina,0.03,-0.468,-3.51
1976,3,6.1,44.6,-0.73,la_nina,0.03,-0.146,-5.84
1976,4,12.16,28.8,-0.47,neutral,0.03,-0.094,-3.76
1976,5,13.6,41.5,-0.28,neutral,0.03,-0.056,-2.24
1976,6,19.33,29.7,-0.05,neutral,0.03,0.005,0.6
1976,7,19.57,111.3,0.18,neutral,0.03,-0.018,-2.16
1976,8,23.18,56.1,0.35,neutral,0.03,-0.035,-4.2
1976,9,20.7,72.4,0.62,el_nino,0.03,0.062,0.0
1976,10,9.89,43.4,0.81,el_nino,0.03,0.081,0.0
1976,11,4.48,48.5,0.86,el_nino,0.03,0.086,0.0
1976,12,6.0,39.9,0.85,el_nino,0.03,0.34,2.55
1977,1,-1.26,16.6,0.71,el_nino,0.06,0.284,2.13
1977,2,2.7,35.1,0.64,el_nino,0.06,0.256,1.92
1977,3,8.41,6.3,0.34,neutral,0.06,0.068,2.72
1977,4,9.07,36.2,0.23,neutral,0.06,0.046,1.84
1977,5,13.71,0.0,0.21,neutral,0.06,0.042,1.68
1977,6,17.31,95.4,0.34,neutral,0.06,-0.034,-4.08
1977,7,21.29,101.2,0.35,neutral,0.06,-0.035,-4.2
1977,8,18.73,79.6,0.42,neutral,0.06,-0.042,-5.04
1977,9,16.65,37.4,0.57,el_nino,0.06,0.057,0.0
1977,10,7.5,36.3,0.73,el_nino,0.06,0.073,0.0
1977,11,5.06,64.2,0.81,el_nino,0.06,0.081,0.0
1977,12,4.46,26.1,0.79,el_nino,0.06,0.316,2.37
1978,1,0.6,47.4,0.69,el_nino,0.09,0.276,2.07
1978,2,1.47,18.0,0.42,neutral,0.09,0.168,1.26
1978,3,6.98,40.9,0.06,neutral,0.09,0.012,0.48
1978,4,9.74,14.3,-0.18,neutral,0.09,-0.036,-1.44
1978,5,16.84,45.0,-0.31,neutral,0.09,-0.062,-2.48
1978,6,21.17,60.2,-0.29,neutral,0.09,0.029,3.48
1978,7,19.92,38.3,-0.36,neutral,0.09,0.036,4.32
1978,8,22.94,35.3,-0.42,neutral,0.09,0.042,5.04
1978,9,12.94,32.0,-0.42,neutral,0.09,-0.042,0.0
1978,10,10.46,60.9,-0.29,neutral,0.09,-0.029,0.0
1978,11,5.68,28.9,-0.08,neutral,0.09,-0.008,0.0
1978,12,0.5,70.2,0.0,neutral,0.09,0.0,0.0
1979,1,0.01,10.0,0.03,neutral,0.12,0.012,0.09
1979,2,-5.82,18.7,0.07,neutral,0.12,0.028,0.21
1979,3,3.38,60.3,0.2,neutral,0.12,0.04,1.6
1979,4,13.02,40.7,0.28,neutral,0.12,0.056,2.24
1979,5,12.79,38.9,0.23,neutral,0.12,0.046,1.84
1979,6,19.09,71.5,0.05,neutral,0.12,-0.005,-0.6
1979,7,23.27,37.0,0.04,neutral,0.12,-0.004,-0.48
1979,8,20.36,39.9,0.17,neutral,0.12,-0.017,-2.04
1979,9,18.8,52.8,0.33,neutral,0.12,0.033,0.0
1979,10,10.28,27.2,0.45,neutral,0.12,0.045,0.0
1979,11,3.2,76.3,0.52,el_nino,0.12,0.052,0.0
1979,12,3.55,52.9,0.64,el_nino,0.12,0.256,1.92
1980,1,1.21,0.0,0.59,el_nino,0.15,0.236,1.77
1980,2,2.91,30.6,0.46,neutral,0.15,0.184,1.38
1980,3,3.69,30.9,0.34,neutral,0.15,0.068,2.72
1980,4,13.43,50.1,0.38,neutral,0.15,0.076,3.04
1980,5,16.87,95.7,0.48,neutral,0.15,0.096,3.84
1980,6,18.7,44.5,0.46,neutral,0.15,-0.046,-5.52
1980,7,19.48,0.0,0.25,neutral,0.15,-0.025,-3.0
1980,8,23.49,61.8,0.03,neutral,0.15,-0.003,-0.36
1980,9,16.8,54.4,-0.07,neutral,0.15,-0.007,0.0
1980,10,10.76,70.2,0.02,neutral,0.15,0.002,0.0
1980,11,5.87,51.2,0.11,neutral,0.15,0.011,0.0
1980,12,0.43,40.0,-0.01,neutral,0.15,-0.004,-0.03
1981,1,-3.05,24.7,-0.26,neutral,0.18,-0.104,-0.78
1981,2,-1.75,24.0,-0.5,la_nina,0.18,-0.2,-1.5
1981,3,10.09,38.5,-0.47,neutral,0.18,-0.094,-3.76
1981,4,10.62,58.9,-0.37,neutral,0.18,-0.074,-2.96
1981,5,17.29,57.8,-0.26,neutral,0.18,-0.052,-2.08
1981,6,20.02,134.6,-0.29,neutral,0.18,0.029,3.48
1981,7,25.24,64.4,-0.3,neutral,0.18,0.03,3.6
1981,8,20.84,83.1,-0.25,neutral,0.18,0.025,3.0
1981,9,14.88,55.7,-0.16,neutral,0.18,-0.016,0.0
1981,10,13.88,96.2,-0.13,neutral,0.18,-0.013,0.0
1981,11,3.53,81.1,-0.15,neutral,0.18,-0.015,0.0
1981,12,0.54,39.9,-0.08,neutral,0.18,-0.032,-0.24
1982,1,-7.78,27.9,-0.05,neutral,0.21,-0.02,-0.15
1982,2,1.51,22.8,0.07,neutral,0.21,0.028,0.21
1982,3,5.97,66.8,0.19,neutral,0.21,0.038,1.52
1982,4,15.05,27.4,0.47,neutral,0.21,0.094,3.76
1982,5,15.01,36.9,0.66,el_nino,0.21,0.132,5.28
1982,6,19.04,26.1,0.72,el_nino,0.21,-0.072,-8.64
1982,7,18.84,0.0,0.79,el_nino,0.21,-0.079,-9.48
1982,8,19.22,66.7,1.07,el_nino,0.21,-0.107,-12.84
1982,9,18.66,105.6,1.58,el_nino,0.21,0.158,0.0
1982,10,11.19,46.8,1.97,el_nino,0.21,0.197,0.0
1982,11,5.79,15.6,2.18,el_nino,0.21,0.218,0.0
1982,12,2.71,71.3,2.23,el_nino,0.21,0.892,6.69
1983,1,-0.61,38.2,2.18,el_nino,0.24,0.872,6.54
1983,2,3.8,38.1,1.92,el_nino,0.24,0.768,5.76
1983,3,5.37,60.6,1.54,el_nino,0.24,0.308,12.32
1983,4,13.8,52.0,1.29,el_nino,0.24,0.258,10.32
1983,5,16.23,47.4,1.06,el_nino,0.24,0.212,8.48
1983,6,18.91,70.4,0.72,el_nino,0.24,-0.072,-8.64
1983,7,19.3,46.9,0.31,neutral,0.24,-0.031,-3.72
1983,8,19.78,62.9,-0.08,neutral,0.24,0.008,0.96
1983,9,19.56,55.1,-0.46,neutral,0.24,-0.046,0.0
1983,10,12.55,44.7,-0.81,la_nina,0.24,-0.081,0.0
1983,11,0.61,63.1,-1.0,la_nina,0.24,-0.1,0.0
1983,12,-3.68,60.9,-0.91,la_nina,0.24,-0.364,-2.73
1984,1,-4.7,10.6,-0.6,la_nina,0.27,-0.24,-1.8
1984,2,0.42,16.5,-0.42,neutral,0.27,-0.168,-1.26
1984,3,6.26,45.9,-0.34,neutral,0.27,-0.068,-2.72
1984,4,13.94,32.6,-0.43,neutral,0.27,-0.086,-3.44
1984,5,15.32,63.4,-0.51,la_nina,0.27,-0.102,-4.08
1984,6,18.25,73.3,-0.45,neutral,0.27,0.045,5.4
1984,7,21.35,78.4,-0.3,neutral,0.27,0.03,3.6
1984,8,22.59,36.1,-0.16,neutral,0.27,0.016,1.92
1984,9,15.65,41.0,-0.24,neutral,0.27,-0.024,0.0
1984,10,14.88,31.8,-0.56,la_nina,0.27,-0.056,0.0
1984,11,6.47,63.2,-0.92,la_nina,0.27,-0.092,0.0
1984,12,4.13,74.6,-1.14,la_nina,0.27,-0.456,-3.42
1985,1,-1.04,28.3,-1.04,la_nina,0.3,-0.416,-3.12
1985,2,5.7,10.3,-0.85,la_nina,0.3,-0.34,-2.55
1985,3,8.57,26.8,-0.77,la_nina,0.3,-0.154,-6.16
1985,4,13.17,31.9,-0.78,la_nina,0.3,-0.156,-6.24
1985,5,14.87,110.3,-0.78,la_nina,0.3,-0.156,-6.24
1985,6,18.55,132.0,-0.63,la_nina,0.3,0.063,7.56
1985,7,21.35,85.6,-0.49,neutral,0.3,0.049,5.88
1985,8,22.81,58.7,-0.46,neutral,0.3,0.046,5.52
1985,9,17.36,28.4,-0.4,neutral,0.3,-0.04,0.0
1985,10,12.72,56.3,-0.35,neutral,0.3,-0.035,0.0
1985,11,2.42,44.9,-0.27,neutral,0.3,-0.027,0.0
1985,12,3.56,0.0,-0.36,neutral,0.3,-0.144,-1.08
1986,1,1.31,8.5,-0.49,neutral,0.33,-0.196,-1.47
1986,2,1.84,23.6,-0.47,neutral,0.33,-0.188,-1.41
1986,3,7.89,30.8,-0.31,neutral,0.33,-0.062,-2.48
1986,4,12.38,44.1,-0.2,neutral,0.33,-0.04,-1.6
1986,5,13.93,38.3,-0.12,neutral,0.33,-0.024,-0.96
1986,6,20.61,29.9,-0.04,neutral,0.33,0.004,0.48
1986,7,19.14,93.7,0.22,neutral,0.33,-0.022,-2.64
1986,8,22.23,59.0,0.44,neutral,0.33,-0.044,-5.28
1986,9,18.38,51.1,0.71,el_nino,0.33,0.071,0.0
1986,10,9.86,15.3,0.94,el_nino,0.33,0.094,0.0
1986,11,3.53,40.3,1.14,el_nino,0.33,0.114,0.0
1986,12,-0.08,67.8,1.22,el_nino,0.33,0.488,3.66
1987,1,-0.48,39.2,1.23,el_nino,0.36,0.492,3.69
1987,2,2.79,43.8,1.19,el_nino,0.36,0.476,3.57
1987,3,8.49,47.6,1.06,el_nino,0.36,0.212,8.48
1987,4,12.37,78.5,0.95,el_nino,0.36,0.19,7.6
1987,5,16.51,82.9,0.97,el_nino,0.36,0.194,7.76
1987,6,18.77,89.4,1.22,el_nino,0.36,-0.122,-14.64
1987,7,20.5,89.8,1.51,el_nino,0.36,-0.151,-18.12
1987,8,19.99,3.6,1.7,el_nino,0.36,-0.17,-20.4
1987,9,19.27,55.2,1.65,el_nino,0.36,0.165,0.0
1987,10,13.66,52.8,1.48,el_nino,0.36,0.148,0.0
1987,11,1.09,81.2,1.25,el_nino,0.36,0.125,0.0
1987,12,5.04,58.7,1.11,el_nino,0.36,0.444,3.33
1988,1,0.15,22.4,0.81,el_nino,0.39,0.324,2.43
1988,2,-2.16,17.4,0.54,el_nino,0.39,0.216,1.62
1988,3,2.99,52.9,0.14,neutral,0.39,0.028,1.12
1988,4,11.99,51.5,-0.31,neutral,0.39,-0.062,-2.48
1988,5,15.71,51.0,-0.88,la_nina,0.39,-0.176,-7.04
1988,6,19.06,140.3,-1.3,la_nina,0.39,0.13,15.6
1988,7,21.3,45.7,-1.3,la_nina,0.39,0.13,15.6
1988,8,22.76,54.7,-1.11,la_nina,0.39,0.111,13.32
1988,9,14.75,65.2,-1.19,la_nina,0.39,-0.119,0.0
1988,10,9.0,68.2,-1.48,la_nina,0.39,-0.148,0.0
1988,11,5.44,61.9,-1.8,la_nina,0.39,-0.18,0.0
1988,12,4.74,44.3,-1.85,la_nina,0.39,-0.74,-5.55
1989,1,0.98,28.2,-1.69,la_nina,0.42,-0.676,-5.07
1989,2,4.23,28.6,-1.43,la_nina,0.42,-0.572,-4.29
1989,3,3.33,0.0,-1.08,la_nina,0.42,-0.216,-8.64
1989,4,11.29,38.1,-0.83,la_nina,0.42,-0.166,-6.64
1989,5,18.94,39.0,-0.58,la_nina,0.42,-0.116,-4.64
1989,6,20.22,47.5,-0.4,neutral,0.42,0.04,4.8
1989,7,24.84,47.7,-0.31,neutral,0.42,0.031,3.72
1989,8,21.07,21.7,-0.27,neutral,0.42,0.027,3.24
1989,9,19.13,18.1,-0.24,neutral,0.42,-0.024,0.0
1989,10,10.92,54.8,-0.22,neutral,0.42,-0.022,0.0
1989,11,4.13,52.3,-0.16,neutral,0.42,-0.016,0.0
1989,12,3.57,73.6,-0.05,neutral,0.42,-0.02,-0.15
1990,1,2.1,46.2,0.14,neutral,0.45,0.056,0.42
1990,2,5.31,32.1,0.21,neutral,0.45,0.084,0.63
1990,3,5.27,61.0,0.28,neutral,0.45,0.056,2.24
1990,4,9.38,11.1,0.29,neutral,0.45,0.058,2.32
1990,5,17.67,109.8,0.29,neutral,0.45,0.058,2.32
1990,6,18.66,61.9,0.31,neutral,0.45,-0.031,-3.72
1990,7,19.73,51.1,0.33,neutral,0.45,-0.033,-3.96
1990,8,19.82,77.0,0.38,neutral,0.45,-0.038,-4.56
1990,9,16.13,32.7,0.39,neutral,0.45,0.039,0.0
1990,10,15.09,36.1,0.35,neutral,0.45,0.035,0.0
1990,11,2.13,44.5,0.4,neutral,0.45,0.04,0.0
1990,12,3.24,93.6,0.41,neutral,0.45,0.164,1.23
1991,1,-0.05,12.1,0.41,neutral,0.48,0.164,1.23
1991,2,-0.19,26.2,0.26,neutral,0.48,0.104,0.78
1991,3,10.98,48.1,0.22,neutral,0.48,0.044,1.76
1991,4,12.71,18.2,0.26,neutral,0.48,0.052,2.08
1991,5,19.17,52.8,0.45,neutral,0.48,0.09,3.6
1991,6,21.1,64.3,0.64,el_nino,0.48,-0.064,-7.68
1991,7,20.26,16.3,0.73,el_nino,0.48,-0.073,-8.76
1991,8,21.09,68.1,0.64,el_nino,0.48,-0.064,-7.68
1991,9,19.35,50.9,0.62,el_nino,0.48,0.062,0.0
1991,10,10.15,31.8,0.79,el_nino,0.48,0.079,0.0
1991,11,5.41,49.9,1.21,el_nino,0.48,0.121,0.0
1991,12,1.5,60.6,1.53,el_nino,0.48,0.612,4.59
1992,1,2.16,47.2,1.71,el_nino,0.51,0.684,5.13
1992,2,5.03,54.9,1.63,el_nino,0.51,0.652,4.89
1992,3,4.49,36.6,1.48,el_nino,0.51,0.296,11.84
1992,4,11.1,35.6,1.29,el_nino,0.51,0.258,10.32
1992,5,17.83,87.2,1.06,el_nino,0.51,0.212,8.48
1992,6,19.16,75.2,0.73,el_nino,0.51,-0.073,-8.76
1992,7,23.81,27.6,0.37,neutral,0.51,-0.037,-4.44
1992,8,20.17,45.5,0.09,neutral,0.51,-0.009,-1.08
1992,9,15.7,30.1,-0.13,neutral,0.51,-0.013,0.0
1992,10,9.69,91.7,-0.25,neutral,0.51,-0.025,0.0
1992,11,5.97,77.5,-0.28,neutral,0.51,-0.028,0.0
1992,12,2.31,24.6,-0.13,neutral,0.51,-0.052,-0.39
1993,1,-5.09,3.9,0.09,neutral,0.54,0.036,0.27
1993,2,-5.21,4.1,0.3,neutral,0.54,0.12,0.9
1993,3,7.11,43.3,0.5,el_nino,0.54,0.1,4.0
1993,4,11.59,47.6,0.67,el_nino,0.54,0.134,5.36
1993,5,16.31,32.2,0.7,el_nino,0.54,0.14,5.6
1993,6,21.52,58.0,0.57,el_nino,0.54,-0.057,-6.84
1993,7,22.1,9.3,0.32,neutral,0.54,-0.032,-3.84
1993,8,19.22,81.6,0.25,neutral,0.54,-0.025,-3.0
1993,9,17.91,71.6,0.15,neutral,0.54,0.015,0.0
1993,10,10.72,10.7,0.1,neutral,0.54,0.01,0.0
1993,11,4.7,80.1,0.04,neutral,0.54,0.004,0.0
1993,12,2.14,43.6,0.06,neutral,0.54,0.024,0.18
1994,1,-7.04,38.0,0.06,neutral,0.57,0.024,0.18
1994,2,2.74,22.9,0.07,neutral,0.57,0.028,0.21
1994,3,5.81,19.1,0.17,neutral,0.57,0.034,1.36
1994,4,11.17,39.0,0.31,neutral,0.57,0.062,2.48
1994,5,15.84,42.3,0.42,neutral,0.57,0.084,3.36
1994,6,17.82,66.0,0.41,neutral,0.57,-0.041,-4.92
1994,7,20.43,104.9,0.44,neutral,0.57,-0.044,-5.28
1994,8,19.2,21.4,0.43,neutral,0.57,-0.043,-5.16
1994,9,16.85,37.1,0.55,el_nino,0.57,0.055,0.0
1994,10,10.89,0.0,0.74,el_nino,0.57,0.074,0.0
1994,11,0.32,65.9,1.01,el_nino,0.57,0.101,0.0
1994,12,0.82,32.6,1.09,el_nino,0.57,0.436,3.27
1995,1,-1.41,43.5,0.96,el_nino,0.6,0.384,2.88
1995,2,2.3,31.4,0.72,el_nino,0.6,0.288,2.16
1995,3,3.95,83.0,0.53,el_nino,0.6,0.106,4.24
1995,4,9.18,25.6,0.3,neutral,0.6,0.06,2.4
1995,5,13.51,40.6,0.14,neutral,0.6,0.028,1.12
1995,6,16.72,32.6,-0.03,neutral,0.6,0.003,0.36
1995,7,22.35,47.1,-0.24,neutral,0.6,0.024,2.88
1995,8,20.66,32.9,-0.54,la_nina,0.6,0.054,6.48
1995,9,17.44,44.6,-0.81,la_nina,0.6,-0.081,0.0
1995,10,10.4,34.5,-0.97,la_nina,0.6,-0.097,0.0
1995,11,6.07,8.6,-1.0,la_nina,0.6,-0.1,0.0
1995,12,3.34,31.8,-0.98,la_nina,0.6,-0.392,-2.94
1996,1,-5.64,50.4,-0.9,la_nina,0.63,-0.36,-2.7
1996,2,1.23,28.9,-0.75,la_nina,0.63,-0.3,-2.25
1996,3,6.1,7.6,-0.59,la_nina,0.63,-0.118,-4.72
1996,4,13.27,23.0,-0.39,neutral,0.63,-0.078,-3.12
1996,5,12.29,29.0,-0.31,neutral,0.63,-0.062,-2.48
1996,6,18.87,94.0,-0.3,neutral,0.63,0.03,3.6
1996,7,20.42,24.7,-0.27,neutral,0.63,0.027,3.24
1996,8,22.18,112.1,-0.32,neutral,0.63,0.032,3.84
1996,9,17.81,54.6,-0.35,neutral,0.63,-0.035,0.0
1996,10,11.24,33.4,-0.4,neutral,0.63,-0.04,0.0
1996,11,4.27,93.3,-0.45,neutral,0.63,-0.045,0.0
1996,12,2.28,41.5,-0.49,neutral,0.63,-0.196,-1.47
1997,1,-5.02,26.1,-0.5,la_nina,0.66,-0.2,-1.5
1997,2,1.1,43.1,-0.36,neutral,0.66,-0.144,-1.08
1997,3,7.48,32.6,-0.1,neutral,0.66,-0.02,-0.8
1997,4,12.04,64.6,0.28,neutral,0.66,0.056,2.24
1997,5,16.69,37.8,0.75,el_nino,0.66,0.15,6.0
1997,6,16.2,67.9,1.22,el_nino,0.66,-0.122,-14.64
1997,7,22.17,40.6,1.6,el_nino,0.66,-0.16,-19.2
1997,8,19.85,64.0,1.9,el_nino,0.66,-0.19,-22.8
1997,9,13.96,48.5,2.14,el_nino,0.66,0.214,0.0
1997,10,10.79,56.9,2.33,el_nino,0.66,0.233,0.0
1997,11,4.25,50.6,2.4,el_nino,0.66,0.24,0.0
1997,12,-0.76,46.6,2.39,el_nino,0.66,0.956,7.17
1998,1,-3.99,33.9,2.24,el_nino,0.69,0.896,6.72
1998,2,-0.02,42.5,1.93,el_nino,0.69,0.772,5.79
1998,3,9.0,11.3,1.44,el_nino,0.69,0.288,11.52
1998,4,10.26,10.5,0.99,el_nino,0.69,0.198,7.92
1998,5,14.89,32.9,0.45,neutral,0.69,0.09,3.6
1998,6,22.57,60.0,-0.13,neutral,0.69,0.013,1.56
1998,7,20.53,12.9,-0.78,la_nina,0.69,0.078,9.36
1998,8,24.13,79.7,-1.12,la_nina,0.69,0.112,13.44
1998,9,16.22,42.6,-1.31,la_nina,0.69,-0.131,0.0
1998,10,11.73,65.7,-1.35,la_nina,0.69,-0.135,0.0
1998,11,9.19,17.0,-1.48,la_nina,0.69,-0.148,0.0
1998,12,2.76,55.5,-1.57,la_nina,0.69,-0.628,-4.71
1999,1,-8.95,15.4,-1.55,la_nina,0.72,-0.62,-4.65
1999,2,3.32,31.5,-1.3,la_nina,0.72,-0.52,-3.9
1999,3,4.46,56.2,-1.07,la_nina,0.72,-0.214,-8.56
1999,4,13.3,13.6,-0.98,la_nina,0.72,-0.196,-7.84
1999,5,14.22,71.4,-1.02,la_nina,0.72,-0.204,-8.16
1999,6,19.98,81.1,-1.04,la_nina,0.72,0.104,12.48
1999,7,22.73,95.1,-1.1,la_nina,0.72,0.11,13.2
1999,8,22.89,126.9,-1.11,la_nina,0.72,0.111,13.32
1999,9,14.72,56.8,-1.16,la_nina,0.72,-0.116,0.0
1999,10,11.1,55.1,-1.26,la_nina,0.72,-0.126,0.0
1999,11,5.26,58.6,-1.46,la_nina,0.72,-0.146,0.0
1999,12,2.89,40.0,-1.65,la_nina,0.72,-0.66,-4.95
2000,1,-7.82,6.7,-1.66,la_nina,0.75,-0.664,-4.98
2000,2,0.06,50.1,-1.41,la_nina,0.75,-0.564,-4.23
2000,3,2.16,52.7,-1.07,la_nina,0.75,-0.214,-8.56
2000,4,11.6,40.1,-0.81,la_nina,0.75,-0.162,-6.48
2000,5,15.09,102.0,-0.71,la_nina,0.75,-0.142,-5.68
2000,6,22.86,113.1,-0.64,la_nina,0.75,0.064,7.68
2000,7,22.35,0.0,-0.55,la_nina,0.75,0.055,6.6
2000,8,21.98,101.8,-0.51,la_nina,0.75,0.051,6.12
2000,9,18.01,70.6,-0.55,la_nina,0.75,-0.055,0.0
2000,10,12.5,28.5,-0.63,la_nina,0.75,-0.063,0.0
2000,11,5.36,58.7,-0.75,la_nina,0.75,-0.075,0.0
2000,12,-1.94,35.7,-0.74,la_nina,0.75,-0.296,-2.22
2001,1,0.56,35.3,-0.68,la_nina,0.78,-0.272,-2.04
2001,2,-2.11,31.0,-0.52,la_nina,0.78,-0.208,-1.56
2001,3,10.27,11.6,-0.44,neutral,0.78,-0.088,-3.52
2001,4,11.49,70.8,-0.34,neutral,0.78,-0.068,-2.72
2001,5,16.91,64.7,-0.25,neutral,0.78,-0.05,-2.0
2001,6,21.84,103.4,-0.12,neutral,0.78,0.012,1.44
2001,7,22.69,62.8,-0.08,neutral,0.78,0.008,0.96
2001,8,23.18,113.1,-0.13,neutral,0.78,0.013,1.56
2001,9,17.22,18.0,-0.19,neutral,0.78,-0.019,0.0
2001,10,11.61,58.0,-0.29,neutral,0.78,-0.029,0.0
2001,11,6.75,2.9,-0.35,neutral,0.78,-0.035,0.0
2001,12,-1.0,19.8,-0.31,neutral,0.78,-0.124,-0.93
2002,1,-7.73,23.7,-0.15,neutral,0.81,-0.06,-0.45
2002,2,2.68,21.9,0.03,neutral,0.81,0.012,0.09
2002,3,9.36,14.8,0.09,neutral,0.81,0.018,0.72
2002,4,16.16,55.1,0.2,neutral,0.81,0.04,1.6
2002,5,16.94,35.8,0.43,neutral,0.81,0.086,3.44
2002,6,19.77,77.6,0.65,el_nino,0.81,-0.065,-7.8
2002,7,21.34,95.6,0.79,el_nino,0.81,-0.079,-9.48
2002,8,21.5,44.1,0.86,el_nino,0.81,-0.086,-10.32
2002,9,20.68,0.2,1.01,el_nino,0.81,0.101,0.0
2002,10,11.13,43.8,1.21,el_nino,0.81,0.121,0.0
2002,11,4.75,95.0,1.31,el_nino,0.81,0.131,0.0
2002,12,3.1,36.2,1.14,el_nino,0.81,0.456,3.42
2003,1,-1.05,48.4,0.92,el_nino,0.84,0.368,2.76
2003,2,5.19,10.6,0.63,el_nino,0.84,0.252,1.89
2003,3,8.17,17.9,0.38,neutral,0.84,0.076,3.04
2003,4,9.6,32.6,-0.04,neutral,0.84,-0.008,-0.32
2003,5,17.38,84.8,-0.26,neutral,0.84,-0.052,-2.08
2003,6,22.43,73.4,-0.16,neutral,0.84,0.016,1.92
2003,7,22.33,184.7,0.08,neutral,0.84,-0.008,-0.96
2003,8,21.09,63.1,0.21,neutral,0.84,-0.021,-2.52
2003,9,16.92,45.3,0.26,neutral,0.84,0.026,0.0
2003,10,7.62,45.1,0.29,neutral,0.84,0.029,0.0
2003,11,4.26,0.0,0.35,neutral,0.84,0.035,0.0
2003,12,-3.64,27.2,0.35,neutral,0.84,0.14,1.05
2004,1,-2.06,35.3,0.37,neutral,0.87,0.148,1.11
2004,2,1.91,16.7,0.31,neutral,0.87,0.124,0.93
2004,3,8.43,67.4,0.23,neutral,0.87,0.046,1.84
2004,4,13.94,73.0,0.17,neutral,0.87,0.034,1.36
2004,5,21.35,73.4,0.17,neutral,0.87,0.034,1.36
2004,6,20.62,75.9,0.28,neutral,0.87,-0.028,-3.36
2004,7,19.78,45.3,0.47,neutral,0.87,-0.047,-5.64
2004,8,19.23,68.2,0.64,el_nino,0.87,-0.064,-7.68
2004,9,18.04,117.4,0.7,el_nino,0.87,0.07,0.0
2004,10,14.45,38.6,0.67,el_nino,0.87,0.067,0.0
2004,11,6.19,77.2,0.66,el_nino,0.87,0.066,0.0
2004,12,1.47,63.5,0.69,el_nino,0.87,0.276,2.07
2005,1,1.94,35.6,0.64,el_nino,0.9,0.256,1.92
2005,2,-1.34,38.7,0.58,el_nino,0.9,0.232,1.74
2005,3,9.09,69.1,0.45,neutral,0.9,0.09,3.6
2005,4,11.64,25.6,0.43,neutral,0.9,0.086,3.44
2005,5,15.54,69.2,0.29,neutral,0.9,0.058,2.32
2005,6,22.54,104.0,0.11,neutral,0.9,-0.011,-1.32
2005,7,22.88,35.7,-0.06,neutral,0.9,0.006,0.72
2005,8,21.95,7.6,-0.14,neutral,0.9,0.014,1.68
2005,9,16.71,110.8,-0.11,neutral,0.9,-0.011,0.0
2005,10,8.46,42.4,-0.29,neutral,0.9,-0.029,0.0
2005,11,3.79,21.6,-0.57,la_nina,0.9,-0.057,0.0
2005,12,-2.45,15.3,-0.84,la_nina,0.9,-0.336,-2.52
2006,1,-2.52,36.7,-0.85,la_nina,0.93,-0.34,-2.55
2006,2,1.21,29.7,-0.77,la_nina,0.93,-0.308,-2.31
2006,3,4.43,35.5,-0.57,la_nina,0.93,-0.114,-4.56
2006,4,9.11,36.5,-0.37,neutral,0.93,-0.074,-2.96
2006,5,15.71,36.7,-0.14,neutral,0.93,-0.028,-1.12
2006,6,18.67,19.9,-0.03,neutral,0.93,0.003,0.36
2006,7,20.81,15.8,0.1,neutral,0.93,-0.01,-1.2
2006,8,22.79,44.8,0.3,neutral,0.93,-0.03,-3.6
2006,9,17.08,1.5,0.54,el_nino,0.93,0.054,0.0
2006,10,13.33,37.8,0.77,el_nino,0.93,0.077,0.0
2006,11,8.26,55.0,0.94,el_nino,0.93,0.094,0.0
2006,12,3.44,62.8,0.94,el_nino,0.93,0.376,2.82
2007,1,-1.51,30.7,0.66,el_nino,0.96,0.264,1.98
2007,2,6.35,32.3,0.22,neutral,0.96,0.088,0.66
2007,3,10.55,35.0,-0.12,neutral,0.96,-0.024,-0.96
2007,4,12.43,33.3,-0.32,neutral,0.96,-0.064,-2.56
2007,5,15.43,7.5,-0.38,neutral,0.96,-0.076,-3.04
2007,6,20.56,91.1,-0.47,neutral,0.96,0.047,5.64
2007,7,19.21,74.4,-0.56,la_nina,0.96,0.056,6.72
2007,8,22.38,80.9,-0.81,la_nina,0.96,0.081,9.72
2007,9,18.82,95.0,-1.07,la_nina,0.96,-0.107,0.0
2007,10,11.82,30.1,-1.34,la_nina,0.96,-0.134,0.0
2007,11,9.71,85.1,-1.5,la_nina,0.96,-0.15,0.0
2007,12,2.48,28.8,-1.6,la_nina,0.96,-0.64,-4.8
2008,1,-3.67,11.6,-1.64,la_nina,0.99,-0.656,-4.92
2008,2,5.07,30.9,-1.52,la_nina,0.99,-0.608,-4.56
2008,3,3.66,52.3,-1.29,la_nina,0.99,-0.258,-10.32
2008,4,9.73,16.3,-1.01,la_nina,0.99,-0.202,-8.08
2008,5,18.57,70.2,-0.84,la_nina,0.99,-0.168,-6.72
2008,6,21.63,82.7,-0.61,la_nina,0.99,0.061,7.32
2008,7,21.96,49.7,-0.37,neutral,0.99,0.037,4.44
2008,8,20.38,22.6,-0.23,neutral,0.99,0.023,2.76
2008,9,18.01,41.9,-0.24,neutral,0.99,-0.024,0.0
2008,10,6.38,49.9,-0.35,neutral,0.99,-0.035,0.0
2008,11,6.16,15.3,-0.55,la_nina,0.99,-0.055,0.0
2008,12,-2.0,33.0,-0.73,la_nina,0.99,-0.292,-2.19
2009,1,2.44,20.3,-0.85,la_nina,1.02,-0.34,-2.55
2009,2,0.96,28.0,-0.79,la_nina,1.02,-0.316,-2.37
2009,3,5.68,73.1,-0.61,la_nina,1.02,-0.122,-4.88
2009,4,12.85,10.1,-0.33,neutral,1.02,-0.066,-2.64
2009,5,19.75,37.5,0.01,neutral,1.02,0.002,0.08
2009,6,20.03,78.0,0.28,neutral,1.02,-0.028,-3.36
2009,7,22.27,84.5,0.45,neutral,1.02,-0.045,-5.4
2009,8,20.89,9.6,0.58,el_nino,1.02,-0.058,-6.96
2009,9,15.87,6.6,0.71,el_nino,1.02,0.071,0.0
2009,10,10.2,36.7,1.01,el_nino,1.02,0.101,0.0
2009,11,7.81,78.6,1.36,el_nino,1.02,0.136,0.0
2009,12,1.57,51.6,1.56,el_nino,1.02,0.624,4.68
2010,1,0.06,55.1,1.5,el_nino,1.05,0.6,4.5
2010,2,-1.48,14.7,1.22,el_nino,1.05,0.488,3.66
2010,3,7.9,18.1,0.84,el_nino,1.05,0.168,6.72
2010,4,9.8,23.3,0.35,neutral,1.05,0.07,2.8
2010,5,14.23,32.9,-0.17,neutral,1.05,-0.034,-1.36
2010,6,17.97,47.0,-0.66,la_nina,1.05,0.066,7.92
2010,7,25.23,62.7,-1.05,la_nina,1.05,0.105,12.6
2010,8,22.35,97.4,-1.35,la_nina,1.05,0.135,16.2
2010,9,16.1,52.6,-1.56,la_nina,1.05,-0.156,0.0
2010,10,14.07,90.5,-1.64,la_nina,1.05,-0.164,0.0
2010,11,3.58,57.1,-1.64,la_nina,1.05,-0.164,0.0
2010,12,-0.1,19.2,-1.54,la_nina,1.05,-0.616,-4.62
2011,1,-0.88,34.7,-1.31,la_nina,1.08,-0.524,-3.93
2011,2,6.97,17.2,-1.04,la_nina,1.08,-0.416,-3.12
2011,3,5.61,26.6,-0.8,la_nina,1.08,-0.16,-6.4
2011,4,13.37,16.9,-0.62,la_nina,1.08,-0.124,-4.96
2011,5,16.87,38.1,-0.46,neutral,1.08,-0.092,-3.68
2011,6,18.96,121.9,-0.37,neutral,1.08,0.037,4.44
2011,7,22.27,62.9,-0.43,neutral,1.08,0.043,5.16
2011,8,21.85,129.0,-0.58,la_nina,1.08,0.058,6.96
2011,9,17.43,11.4,-0.79,la_nina,1.08,-0.079,0.0
2011,10,12.36,90.6,-0.96,la_nina,1.08,-0.096,0.0
2011,11,5.1,68.1,-1.02,la_nina,1.08,-0.102,0.0
2011,12,3.48,5.1,-0.92,la_nina,1.08,-0.368,-2.76
2012,1,-0.21,29.9,-0.72,la_nina,1.11,-0.288,-2.16
2012,2,6.86,0.0,-0.57,la_nina,1.11,-0.228,-1.71
2012,3,12.44,35.6,-0.46,neutral,1.11,-0.092,-3.68
2012,4,12.31,0.0,-0.36,neutral,1.11,-0.072,-2.88
2012,5,13.34,20.6,-0.17,neutral,1.11,-0.034,-1.36
2012,6,18.76,108.2,0.06,neutral,1.11,-0.006,-0.72
2012,7,20.89,55.2,0.3,neutral,1.11,-0.03,-3.6
2012,8,21.68,3.5,0.41,neutral,1.11,-0.041,-4.92
2012,9,14.22,55.7,0.41,neutral,1.11,0.041,0.0
2012,10,11.74,19.3,0.31,neutral,1.11,0.031,0.0
2012,11,6.8,34.8,0.13,neutral,1.11,0.013,0.0
2012,12,2.82,33.9,-0.1,neutral,1.11,-0.04,-0.3
2013,1,0.29,16.4,-0.29,neutral,1.14,-0.116,-0.87
2013,2,4.26,21.3,-0.29,neutral,1.14,-0.116,-0.87
2013,3,7.54,27.9,-0.21,neutral,1.14,-0.042,-1.68
2013,4,11.48,64.3,-0.19,neutral,1.14,-0.038,-1.52
2013,5,15.64,59.1,-0.27,neutral,1.14,-0.054,-2.16
2013,6,19.51,89.9,-0.34,neutral,1.14,0.034,4.08
2013,7,24.47,41.5,-0.35,neutral,1.14,0.035,4.2
2013,8,23.94,20.4,-0.28,neutral,1.14,0.028,3.36
2013,9,15.4,45.8,-0.21,neutral,1.14,-0.021,0.0
2013,10,12.11,60.8,-0.13,neutral,1.14,-0.013,0.0
2013,11,3.7,33.4,-0.1,neutral,1.14,-0.01,0.0
2013,12,5.65,47.2,-0.15,neutral,1.14,-0.06,-0.45
2014,1,-0.33,8.4,-0.28,neutral,1.17,-0.112,-0.84
2014,2,-4.13,0.0,-0.32,neutral,1.17,-0.128,-0.96
2014,3,4.19,22.7,-0.14,neutral,1.17,-0.028,-1.12
2014,4,11.62,35.1,0.15,neutral,1.17,0.03,1.2
2014,5,17.63,105.9,0.31,neutral,1.17,0.062,2.48
2014,6,20.62,5.4,0.23,neutral,1.17,-0.023,-2.76
2014,7,24.9,43.6,0.1,neutral,1.17,-0.01,-1.2
2014,8,25.89,70.0,0.11,neutral,1.17,-0.011,-1.32
2014,9,16.79,25.4,0.28,neutral,1.17,0.028,0.0
2014,10,11.32,103.5,0.54,el_nino,1.17,0.054,0.0
2014,11,3.45,52.7,0.71,el_nino,1.17,0.071,0.0
2014,12,1.66,62.8,0.77,el_nino,1.17,0.308,2.31
2015,1,6.49,36.1,0.69,el_nino,1.2,0.276,2.07
2015,2,-1.75,12.7,0.61,el_nino,1.2,0.244,1.83
2015,3,5.35,62.0,0.65,el_nino,1.2,0.13,5.2
2015,4,8.51,50.0,0.81,el_nino,1.2,0.162,6.48
2015,5,14.78,41.0,1.02,el_nino,1.2,0.204,8.16
2015,6,21.35,92.3,1.25,el_nino,1.2,-0.125,-15.0
2015,7,21.72,13.7,1.57,el_nino,1.2,-0.157,-18.84
2015,8,20.85,28.1,1.91,el_nino,1.2,-0.191,-22.92
2015,9,18.2,10.4,2.21,el_nino,1.2,0.221,0.0
2015,10,12.74,98.0,2.47,el_nino,1.2,0.247,0.0
2015,11,3.35,18.2,2.64,el_nino,1.2,0.264,0.0
2015,12,3.56,51.4,2.75,el_nino,1.2,1.1,8.25
2016,1,-3.8,45.2,2.63,el_nino,1.23,1.052,7.89
2016,2,0.83,48.6,2.28,el_nino,1.23,0.912,6.84
2016,3,6.6,58.0,1.71,el_nino,1.23,0.342,13.68
2016,4,13.08,71.2,1.05,el_nino,1.23,0.21,8.4
2016,5,19.0,4.1,0.49,neutral,1.23,0.098,3.92
2016,6,21.12,95.0,0.0,neutral,1.23,-0.0,-0.0
2016,7,26.16,54.6,-0.31,neutral,1.23,0.031,3.72
2016,8,24.56,0.0,-0.5,la_nina,1.23,0.05,6.0
2016,9,19.33,14.3,-0.58,la_nina,1.23,-0.058,0.0
2016,10,13.63,43.9,-0.64,la_nina,1.23,-0.064,0.0
2016,11,7.56,48.5,-0.6,la_nina,1.23,-0.06,0.0
2016,12,-0.47,101.7,-0.45,neutral,1.23,-0.18,-1.35
2017,1,-2.08,0.0,-0.19,neutral,1.26,-0.076,-0.57
2017,2,0.77,24.9,-0.02,neutral,1.26,-0.008,-0.06
2017,3,4.57,11.6,0.18,neutral,1.26,0.036,1.44
2017,4,12.87,30.8,0.31,neutral,1.26,0.062,2.48
2017,5,18.84,31.9,0.4,neutral,1.26,0.08,3.2
2017,6,22.85,43.2,0.39,neutral,1.26,-0.039,-4.68
2017,7,24.06,76.1,0.19,neutral,1.26,-0.019,-2.28
2017,8,22.55,44.4,-0.07,neutral,1.26,0.007,0.84
2017,9,14.83,35.1,-0.34,neutral,1.26,-0.034,0.0
2017,10,11.74,53.5,-0.6,la_nina,1.26,-0.06,0.0
2017,11,5.88,32.9,-0.77,la_nina,1.26,-0.077,0.0
2017,12,-3.33,19.8,-0.86,la_nina,1.26,-0.344,-2.58
2018,1,0.76,42.6,-0.77,la_nina,1.29,-0.308,-2.31
2018,2,1.01,53.2,-0.71,la_nina,1.29,-0.284,-2.13
2018,3,6.9,65.3,-0.57,la_nina,1.29,-0.114,-4.56
2018,4,14.37,55.7,-0.39,neutral,1.29,-0.078,-3.12
2018,5,16.78,36.3,-0.13,neutral,1.29,-0.026,-1.04
2018,6,20.71,63.7,0.06,neutral,1.29,-0.006,-0.72
2018,7,19.76,38.4,0.14,neutral,1.29,-0.014,-1.68
2018,8,19.82,26.8,0.27,neutral,1.29,-0.027,-3.24
2018,9,16.52,56.0,0.53,el_nino,1.29,0.053,0.0
2018,10,10.93,75.1,0.81,el_nino,1.29,0.081,0.0
2018,11,6.33,92.2,0.97,el_nino,1.29,0.097,0.0
2018,12,-2.26,64.3,0.92,el_nino,1.29,0.368,2.76
2019,1,-5.63,29.6,0.89,el_nino,1.32,0.356,2.67
2019,2,-0.19,46.6,0.86,el_nino,1.32,0.344,2.58
2019,3,8.9,12.9,0.84,el_nino,1.32,0.168,6.72
2019,4,8.53,37.9,0.77,el_nino,1.32,0.154,6.16
2019,5,16.94,49.4,0.64,el_nino,1.32,0.128,5.12
2019,6,19.32,145.2,0.52,el_nino,1.32,-0.052,-6.24
2019,7,22.8,48.7,0.33,neutral,1.32,-0.033,-3.96
2019,8,24.93,71.8,0.19,neutral,1.32,-0.019,-2.28
2019,9,19.21,55.4,0.23,neutral,1.32,0.023,0.0
2019,10,10.63,0.0,0.39,neutral,1.32,0.039,0.0
2019,11,9.59,74.1,0.58,el_nino,1.32,0.058,0.0
2019,12,1.69,85.6,0.66,el_nino,1.32,0.264,1.98
2020,1,1.51,47.3,0.64,el_nino,1.35,0.256,1.92
2020,2,4.25,69.7,0.63,el_nino,1.35,0.252,1.89
2020,3,6.04,50.6,0.53,el_nino,1.35,0.106,4.24
2020,4,14.57,37.9,0.3,neutral,1.35,0.06,2.4
2020,5,19.38,110.3,0.01,neutral,1.35,0.002,0.08
2020,6,18.81,51.8,-0.23,neutral,1.35,0.023,2.76
2020,7,24.96,23.0,-0.36,neutral,1.35,0.036,4.32
2020,8,20.09,65.8,-0.53,la_nina,1.35,0.053,6.36
2020,9,17.91,72.6,-0.85,la_nina,1.35,-0.085,0.0
2020,10,13.92,61.4,-1.12,la_nina,1.35,-0.112,0.0
2020,11,1.47,29.1,-1.2,la_nina,1.35,-0.12,0.0
2020,12,-1.3,66.9,-1.08,la_nina,1.35,-0.432,-3.24
2021,1,-3.85,49.9,-0.91,la_nina,1.38,-0.364,-2.73
2021,2,2.2,28.1,-0.79,la_nina,1.38,-0.316,-2.37
2021,3,4.05,46.0,-0.71,la_nina,1.38,-0.142,-5.68
2021,4,15.48,0.0,-0.55,la_nina,1.38,-0.11,-4.4
2021,5,16.16,75.0,-0.39,neutral,1.38,-0.078,-3.12
2021,6,23.66,101.6,-0.3,neutral,1.38,0.03,3.6
2021,7,21.05,70.4,-0.35,neutral,1.38,0.035,4.2
2021,8,22.94,52.2,-0.45,neutral,1.38,0.045,5.4
2021,9,19.41,82.2,-0.63,la_nina,1.38,-0.063,0.0
2021,10,12.8,61.9,-0.76,la_nina,1.38,-0.076,0.0
2021,11,8.72,89.0,-0.91,la_nina,1.38,-0.091,0.0
2021,12,-3.92,61.4,-0.87,la_nina,1.38,-0.348,-2.61
2022,1,0.59,7.5,-0.82,la_nina,1.41,-0.328,-2.46
2022,2,3.29,38.0,-0.79,la_nina,1.41,-0.316,-2.37
2022,3,2.61,43.5,-0.86,la_nina,1.41,-0.172,-6.88
2022,4,13.08,37.6,-0.95,la_nina,1.41,-0.19,-7.6
2022,5,16.67,83.4,-0.9,la_nina,1.41,-0.18,-7.2
2022,6,20.36,86.4,-0.78,la_nina,1.41,0.078,9.36
2022,7,22.59,83.9,-0.76,la_nina,1.41,0.076,9.12
2022,8,21.2,90.5,-0.87,la_nina,1.41,0.087,10.44
2022,9,19.72,46.3,-0.97,la_nina,1.41,-0.097,0.0
2022,10,9.4,57.6,-0.94,la_nina,1.41,-0.094,0.0
2022,11,7.97,48.2,-0.85,la_nina,1.41,-0.085,0.0
2022,12,-3.12,76.4,-0.71,la_nina,1.41,-0.284,-2.13
2023,1,-1.58,36.1,-0.54,la_nina,1.44,-0.216,-1.62
2023,2,2.31,18.2,-0.29,neutral,1.44,-0.116,-0.87
2023,3,10.3,47.8,-0.02,neutral,1.44,-0.004,-0.16
2023,4,11.93,63.1,0.27,neutral,1.44,0.054,2.16
2023,5,15.87,100.6,0.57,el_nino,1.44,0.114,4.56
2023,6,19.8,73.5,0.84,el_nino,1.44,-0.084,-10.08
2023,7,20.02,21.1,1.12,el_nino,1.44,-0.112,-13.44
2023,8,23.32,55.7,1.37,el_nino,1.44,-0.137,-16.44
2023,9,20.65,70.1,1.6,el_nino,1.44,0.16,0.0
2023,10,9.11,43.1,1.83,el_nino,1.44,0.183,0.0
2023,11,3.75,48.7,1.99,el_nino,1.44,0.199,0.0
2023,12,2.84,22.2,2.06,el_nino,1.44,0.824,6.18
2024,1,0.19,43.7,1.92,el_nino,1.47,0.768,5.76
2024,2,2.45,36.7,1.62,el_nino,1.47,0.648,4.86
2024,3,4.64,42.8,1.26,el_nino,1.47,0.252,10.08
2024,4,13.76,47.4,0.82,el_nino,1.47,0.164,6.56
2024,5,18.21,118.7,0.49,neutral,1.47,0.098,3.92
2024,6,22.84,66.7,0.22,neutral,1.47,-0.022,-2.64
2024,7,20.43,32.1,0.08,neutral,1.47,-0.008,-0.96
2024,8,20.45,41.9,-0.07,neutral,1.47,0.007,0.84
2024,9,17.95,31.4,-0.17,neutral,1.47,-0.017,0.0
2024,10,12.79,75.5,-0.21,neutral,1.47,-0.021,0.0
2024,11,6.81,39.2,-0.3,neutral,1.47,-0.03,0.0
2024,12,3.92,29.5,-0.42,neutral,1.47,-0.168,-1.26
