oni,season,year,rossby_amplitude,nao_shift,t_anom_nao,t_anom_direct,t_anom_strat,t_anom_total,background_c,t_anom_plus_bg,p_anom_mm,month
-1.53,DJF,1950,-0.9006,0.3602,-0.216,-0.077,-0.065,-0.357,-0.75,-1.107,-3.0,1
-1.34,DJF,1950,-0.7887,0.3155,-0.189,-0.067,-0.057,-0.313,-0.75,-1.063,-2.7,2
-1.16,MAM,1950,-0.3755,0.1502,-0.09,-0.058,-0.005,-0.153,-0.75,-0.903,-5.1,3
-1.18,MAM,1950,-0.382,0.1528,-0.092,-0.059,-0.005,-0.155,-0.75,-0.905,-5.2,4
-1.07,MAM,1950,-0.3464,0.1386,-0.083,-0.054,-0.004,-0.141,-0.75,-0.891,-4.7,5
-0.85,JJA,1950,-0.1251,0.05,-0.03,-0.043,-0.002,-0.074,-0.75,-0.824,2.5,6
-0.54,JJA,1950,-0.0795,0.0318,-0.019,-0.027,-0.001,-0.047,-0.75,-0.797,1.6,7
-0.42,JJA,1950,-0.0618,0.0247,-0.015,-0.021,-0.001,-0.037,-0.75,-0.787,1.3,8
-0.39,SON,1950,-0.1033,0.0413,-0.025,-0.02,-0.001,-0.046,-0.75,-0.796,-0.5,9
-0.44,SON,1950,-0.1165,0.0466,-0.028,-0.022,-0.001,-0.051,-0.75,-0.801,-0.6,10
-0.6,SON,1950,-0.1589,0.0636,-0.038,-0.03,-0.002,-0.07,-0.75,-0.82,-0.8,11
-0.8,DJF,1950,-0.4709,0.1884,-0.113,-0.04,-0.034,-0.187,-0.75,-0.937,-1.6,12
-0.82,DJF,1951,-0.4827,0.1931,-0.116,-0.041,-0.035,-0.192,-0.72,-0.912,-1.6,1
-0.54,DJF,1951,-0.3178,0.1271,-0.076,-0.027,-0.023,-0.126,-0.72,-0.846,-1.1,2
-0.17,MAM,1951,-0.055,0.022,-0.013,-0.009,-0.001,-0.022,-0.72,-0.742,-0.7,3
0.18,MAM,1951,0.0583,-0.0233,0.014,0.009,0.001,0.024,-0.72,-0.696,0.8,4
0.36,MAM,1951,0.1165,-0.0466,0.028,0.018,0.001,0.047,-0.72,-0.673,1.6,5
0.58,JJA,1951,0.0853,-0.0341,0.02,0.029,0.001,0.051,-0.72,-0.669,-1.7,6
0.7,JJA,1951,0.103,-0.0412,0.025,0.035,0.001,0.061,-0.72,-0.659,-2.1,7
0.89,JJA,1951,0.131,-0.0524,0.031,0.045,0.002,0.078,-0.72,-0.642,-2.7,8
0.99,SON,1951,0.2622,-0.1049,0.063,0.05,0.003,0.116,-0.72,-0.604,1.3,9
1.15,SON,1951,0.3046,-0.1218,0.073,0.057,0.004,0.134,-0.72,-0.586,1.6,10
1.04,SON,1951,0.2755,-0.1102,0.066,0.052,0.003,0.121,-0.72,-0.599,1.4,11
0.81,DJF,1951,0.4768,-0.1907,0.114,0.041,0.034,0.189,-0.72,-0.531,1.6,12
0.53,DJF,1952,0.312,-0.1248,0.075,0.027,0.022,0.124,-0.69,-0.566,1.1,1
0.37,DJF,1952,0.2178,-0.0871,0.052,0.018,0.016,0.086,-0.69,-0.604,0.7,2
0.34,MAM,1952,0.1101,-0.044,0.026,0.017,0.001,0.045,-0.69,-0.645,1.5,3
0.29,MAM,1952,0.0939,-0.0376,0.023,0.014,0.001,0.038,-0.69,-0.652,1.3,4
0.2,MAM,1952,0.0647,-0.0259,0.016,0.01,0.001,0.026,-0.69,-0.664,0.9,5
0.0,JJA,1952,0.0,-0.0,0.0,0.0,0.0,0.0,-0.69,-0.69,-0.0,6
-0.08,JJA,1952,-0.0118,0.0047,-0.003,-0.004,-0.0,-0.007,-0.69,-0.697,0.2,7
0.0,JJA,1952,0.0,-0.0,0.0,0.0,0.0,0.0,-0.69,-0.69,-0.0,8
0.15,SON,1952,0.0397,-0.0159,0.01,0.007,0.0,0.018,-0.69,-0.672,0.2,9
0.1,SON,1952,0.0265,-0.0106,0.006,0.005,0.0,0.012,-0.69,-0.678,0.1,10
0.04,SON,1952,0.0106,-0.0042,0.003,0.002,0.0,0.005,-0.69,-0.685,0.1,11
0.15,DJF,1952,0.0883,-0.0353,0.021,0.007,0.006,0.035,-0.69,-0.655,0.3,12
0.4,DJF,1953,0.2354,-0.0942,0.057,0.02,0.017,0.093,-0.66,-0.567,0.8,1
0.6,DJF,1953,0.3532,-0.1413,0.085,0.03,0.025,0.14,-0.66,-0.52,1.2,2
0.63,MAM,1953,0.204,-0.0816,0.049,0.032,0.002,0.083,-0.66,-0.577,2.8,3
0.66,MAM,1953,0.2137,-0.0855,0.051,0.033,0.003,0.087,-0.66,-0.573,2.9,4
0.75,MAM,1953,0.2428,-0.0971,0.058,0.038,0.003,0.099,-0.66,-0.561,3.3,5
0.77,JJA,1953,0.1133,-0.0453,0.027,0.039,0.001,0.067,-0.66,-0.593,-2.3,6
0.75,JJA,1953,0.1104,-0.0441,0.026,0.038,0.001,0.065,-0.66,-0.595,-2.2,7
0.73,JJA,1953,0.1074,-0.043,0.026,0.036,0.001,0.064,-0.66,-0.596,-2.2,8
0.78,SON,1953,0.2066,-0.0826,0.05,0.039,0.002,0.091,-0.66,-0.569,1.1,9
0.84,SON,1953,0.2225,-0.089,0.053,0.042,0.003,0.098,-0.66,-0.562,1.1,10
0.84,SON,1953,0.2225,-0.089,0.053,0.042,0.003,0.098,-0.66,-0.562,1.1,11
0.81,DJF,1953,0.4768,-0.1907,0.114,0.041,0.034,0.189,-0.66,-0.471,1.6,12
0.76,DJF,1954,0.4473,-0.1789,0.107,0.038,0.032,0.178,-0.63,-0.452,1.5,1
0.47,DJF,1954,0.2766,-0.1107,0.066,0.024,0.02,0.11,-0.63,-0.52,0.9,2
-0.05,MAM,1954,-0.0162,0.0065,-0.004,-0.003,-0.0,-0.007,-0.63,-0.637,-0.2,3
-0.41,MAM,1954,-0.1327,0.0531,-0.032,-0.021,-0.002,-0.054,-0.63,-0.684,-1.8,4
-0.54,MAM,1954,-0.1748,0.0699,-0.042,-0.027,-0.002,-0.071,-0.63,-0.701,-2.4,5
-0.5,JJA,1954,-0.0736,0.0294,-0.018,-0.025,-0.001,-0.044,-0.63,-0.674,1.5,6
-0.64,JJA,1954,-0.0942,0.0377,-0.023,-0.032,-0.001,-0.056,-0.63,-0.686,1.9,7
-0.84,JJA,1954,-0.1236,0.0494,-0.03,-0.042,-0.001,-0.073,-0.63,-0.703,2.5,8
-0.9,SON,1954,-0.2384,0.0954,-0.057,-0.045,-0.003,-0.105,-0.63,-0.735,-1.2,9
-0.77,SON,1954,-0.204,0.0816,-0.049,-0.039,-0.002,-0.09,-0.63,-0.72,-1.0,10
-0.73,SON,1954,-0.1934,0.0773,-0.046,-0.036,-0.002,-0.085,-0.63,-0.715,-1.0,11
-0.66,DJF,1954,-0.3885,0.1554,-0.093,-0.033,-0.028,-0.154,-0.63,-0.784,-1.3,12
-0.68,DJF,1955,-0.4003,0.1601,-0.096,-0.034,-0.029,-0.159,-0.6,-0.759,-1.4,1
-0.62,DJF,1955,-0.3649,0.146,-0.088,-0.031,-0.026,-0.145,-0.6,-0.745,-1.2,2
-0.69,MAM,1955,-0.2234,0.0894,-0.054,-0.034,-0.003,-0.091,-0.6,-0.691,-3.0,3
-0.8,MAM,1955,-0.259,0.1036,-0.062,-0.04,-0.003,-0.105,-0.6,-0.705,-3.5,4
-0.79,MAM,1955,-0.2557,0.1023,-0.061,-0.04,-0.003,-0.104,-0.6,-0.704,-3.5,5
-0.72,JJA,1955,-0.1059,0.0424,-0.025,-0.036,-0.001,-0.063,-0.6,-0.663,2.2,6
-0.68,JJA,1955,-0.1001,0.04,-0.024,-0.034,-0.001,-0.059,-0.6,-0.659,2.0,7
-0.75,JJA,1955,-0.1104,0.0441,-0.026,-0.038,-0.001,-0.065,-0.6,-0.665,2.2,8
-1.09,SON,1955,-0.2887,0.1155,-0.069,-0.055,-0.003,-0.127,-0.6,-0.727,-1.5,9
-1.42,SON,1955,-0.3761,0.1504,-0.09,-0.071,-0.005,-0.166,-0.6,-0.766,-1.9,10
-1.67,SON,1955,-0.4423,0.1769,-0.106,-0.084,-0.005,-0.195,-0.6,-0.795,-2.3,11
-1.47,DJF,1955,-0.8652,0.3461,-0.208,-0.073,-0.062,-0.343,-0.6,-0.943,-2.9,12
-1.11,DJF,1956,-0.6534,0.2613,-0.157,-0.056,-0.047,-0.259,-0.57,-0.829,-2.2,1
-0.76,DJF,1956,-0.4473,0.1789,-0.107,-0.038,-0.032,-0.178,-0.57,-0.748,-1.5,2
-0.63,MAM,1956,-0.204,0.0816,-0.049,-0.032,-0.002,-0.083,-0.57,-0.653,-2.8,3
-0.54,MAM,1956,-0.1748,0.0699,-0.042,-0.027,-0.002,-0.071,-0.57,-0.641,-2.4,4
-0.52,MAM,1956,-0.1683,0.0673,-0.04,-0.026,-0.002,-0.068,-0.57,-0.638,-2.3,5
-0.51,JJA,1956,-0.075,0.03,-0.018,-0.026,-0.001,-0.044,-0.57,-0.614,1.5,6
-0.57,JJA,1956,-0.0839,0.0336,-0.02,-0.028,-0.001,-0.05,-0.57,-0.62,1.7,7
-0.55,JJA,1956,-0.0809,0.0324,-0.019,-0.028,-0.001,-0.048,-0.57,-0.618,1.7,8
-0.46,SON,1956,-0.1218,0.0487,-0.029,-0.023,-0.001,-0.054,-0.57,-0.624,-0.6,9
-0.42,SON,1956,-0.1112,0.0445,-0.027,-0.021,-0.001,-0.049,-0.57,-0.619,-0.6,10
-0.43,SON,1956,-0.1139,0.0456,-0.027,-0.022,-0.001,-0.05,-0.57,-0.62,-0.6,11
-0.43,DJF,1956,-0.2531,0.1012,-0.061,-0.022,-0.018,-0.1,-0.57,-0.67,-0.9,12
-0.25,DJF,1957,-0.1472,0.0589,-0.035,-0.013,-0.011,-0.058,-0.54,-0.598,-0.5,1
0.06,DJF,1957,0.0353,-0.0141,0.008,0.003,0.003,0.014,-0.54,-0.526,0.1,2
0.41,MAM,1957,0.1327,-0.0531,0.032,0.021,0.002,0.054,-0.54,-0.486,1.8,3
0.72,MAM,1957,0.2331,-0.0932,0.056,0.036,0.003,0.095,-0.54,-0.445,3.2,4
0.92,MAM,1957,0.2978,-0.1191,0.071,0.046,0.004,0.121,-0.54,-0.419,4.0,5
1.11,JJA,1957,0.1633,-0.0653,0.039,0.056,0.002,0.097,-0.54,-0.443,-3.3,6
1.25,JJA,1957,0.1839,-0.0736,0.044,0.062,0.002,0.109,-0.54,-0.431,-3.8,7
1.32,JJA,1957,0.1942,-0.0777,0.047,0.066,0.002,0.115,-0.54,-0.425,-4.0,8
1.33,SON,1957,0.3523,-0.1409,0.085,0.067,0.004,0.155,-0.54,-0.385,1.8,9
1.39,SON,1957,0.3682,-0.1473,0.088,0.069,0.004,0.162,-0.54,-0.378,1.9,10
1.53,SON,1957,0.4053,-0.1621,0.097,0.077,0.005,0.179,-0.54,-0.361,2.1,11
1.74,DJF,1957,1.0242,-0.4097,0.246,0.087,0.074,0.407,-0.54,-0.133,3.5,12
1.81,DJF,1958,1.0654,-0.4261,0.256,0.091,0.077,0.423,-0.51,-0.087,3.6,1
1.66,DJF,1958,0.9771,-0.3908,0.235,0.083,0.07,0.388,-0.51,-0.122,3.3,2
1.27,MAM,1958,0.4111,-0.1645,0.099,0.064,0.005,0.167,-0.51,-0.343,5.6,3
0.93,MAM,1958,0.3011,-0.1204,0.072,0.047,0.004,0.122,-0.51,-0.388,4.1,4
0.74,MAM,1958,0.2396,-0.0958,0.057,0.037,0.003,0.097,-0.51,-0.413,3.3,5
0.64,JJA,1958,0.0942,-0.0377,0.023,0.032,0.001,0.056,-0.51,-0.454,-1.9,6
0.57,JJA,1958,0.0839,-0.0336,0.02,0.028,0.001,0.05,-0.51,-0.46,-1.7,7
0.43,JJA,1958,0.0633,-0.0253,0.015,0.022,0.001,0.037,-0.51,-0.473,-1.3,8
0.39,SON,1958,0.1033,-0.0413,0.025,0.02,0.001,0.046,-0.51,-0.464,0.5,9
0.44,SON,1958,0.1165,-0.0466,0.028,0.022,0.001,0.051,-0.51,-0.459,0.6,10
0.5,SON,1958,0.1324,-0.053,0.032,0.025,0.002,0.058,-0.51,-0.452,0.7,11
0.61,DJF,1958,0.359,-0.1436,0.086,0.03,0.026,0.143,-0.51,-0.367,1.2,12
0.61,DJF,1959,0.359,-0.1436,0.086,0.03,0.026,0.143,-0.48,-0.337,1.2,1
0.62,DJF,1959,0.3649,-0.146,0.088,0.031,0.026,0.145,-0.48,-0.335,1.2,2
0.52,MAM,1959,0.1683,-0.0673,0.04,0.026,0.002,0.068,-0.48,-0.412,2.3,3
0.33,MAM,1959,0.1068,-0.0427,0.026,0.017,0.001,0.043,-0.48,-0.437,1.5,4
0.2,MAM,1959,0.0647,-0.0259,0.016,0.01,0.001,0.026,-0.48,-0.454,0.9,5
-0.07,JJA,1959,-0.0103,0.0041,-0.002,-0.004,-0.0,-0.006,-0.48,-0.486,0.2,6
-0.18,JJA,1959,-0.0265,0.0106,-0.006,-0.009,-0.0,-0.016,-0.48,-0.496,0.5,7
-0.28,JJA,1959,-0.0412,0.0165,-0.01,-0.014,-0.0,-0.024,-0.48,-0.504,0.8,8
-0.09,SON,1959,-0.0238,0.0095,-0.006,-0.004,-0.0,-0.011,-0.48,-0.491,-0.1,9
-0.03,SON,1959,-0.0079,0.0032,-0.002,-0.002,-0.0,-0.004,-0.48,-0.484,-0.0,10
0.05,SON,1959,0.0132,-0.0053,0.003,0.003,0.0,0.006,-0.48,-0.474,0.1,11
-0.04,DJF,1959,-0.0235,0.0094,-0.006,-0.002,-0.002,-0.009,-0.48,-0.489,-0.1,12
-0.1,DJF,1960,-0.0589,0.0235,-0.014,-0.005,-0.004,-0.023,-0.45,-0.473,-0.2,1
-0.1,DJF,1960,-0.0589,0.0235,-0.014,-0.005,-0.004,-0.023,-0.45,-0.473,-0.2,2
-0.07,MAM,1960,-0.0227,0.0091,-0.005,-0.004,-0.0,-0.009,-0.45,-0.459,-0.3,3
0.03,MAM,1960,0.0097,-0.0039,0.002,0.002,0.0,0.004,-0.45,-0.446,0.1,4
0.02,MAM,1960,0.0065,-0.0026,0.002,0.001,0.0,0.003,-0.45,-0.447,0.1,5
0.03,JJA,1960,0.0044,-0.0018,0.001,0.002,0.0,0.003,-0.45,-0.447,-0.1,6
0.13,JJA,1960,0.0191,-0.0077,0.005,0.007,0.0,0.011,-0.45,-0.439,-0.4,7
0.24,JJA,1960,0.0353,-0.0141,0.008,0.012,0.0,0.021,-0.45,-0.429,-0.7,8
0.27,SON,1960,0.0715,-0.0286,0.017,0.014,0.001,0.032,-0.45,-0.418,0.4,9
0.2,SON,1960,0.053,-0.0212,0.013,0.01,0.001,0.023,-0.45,-0.427,0.3,10
0.12,SON,1960,0.0318,-0.0127,0.008,0.006,0.0,0.014,-0.45,-0.436,0.2,11
0.05,DJF,1960,0.0294,-0.0118,0.007,0.003,0.002,0.012,-0.45,-0.438,0.1,12
0.04,DJF,1961,0.0235,-0.0094,0.006,0.002,0.002,0.009,-0.42,-0.411,0.1,1
0.03,DJF,1961,0.0177,-0.0071,0.004,0.002,0.001,0.007,-0.42,-0.413,0.1,2
0.04,MAM,1961,0.0129,-0.0052,0.003,0.002,0.0,0.005,-0.42,-0.415,0.2,3
0.09,MAM,1961,0.0291,-0.0117,0.007,0.004,0.0,0.012,-0.42,-0.408,0.4,4
0.23,MAM,1961,0.0745,-0.0298,0.018,0.012,0.001,0.03,-0.42,-0.39,1.0,5
0.27,JJA,1961,0.0397,-0.0159,0.01,0.014,0.0,0.024,-0.42,-0.396,-0.8,6
0.14,JJA,1961,0.0206,-0.0082,0.005,0.007,0.0,0.012,-0.42,-0.408,-0.4,7
-0.13,JJA,1961,-0.0191,0.0077,-0.005,-0.007,-0.0,-0.011,-0.42,-0.431,0.4,8
-0.3,SON,1961,-0.0795,0.0318,-0.019,-0.015,-0.001,-0.035,-0.42,-0.455,-0.4,9
-0.26,SON,1961,-0.0689,0.0275,-0.017,-0.013,-0.001,-0.03,-0.42,-0.45,-0.4,10
-0.19,SON,1961,-0.0503,0.0201,-0.012,-0.01,-0.001,-0.022,-0.42,-0.442,-0.3,11
-0.16,DJF,1961,-0.0942,0.0377,-0.023,-0.008,-0.007,-0.037,-0.42,-0.457,-0.3,12
-0.24,DJF,1962,-0.1413,0.0565,-0.034,-0.012,-0.01,-0.056,-0.39,-0.446,-0.5,1
-0.22,DJF,1962,-0.1295,0.0518,-0.031,-0.011,-0.009,-0.051,-0.39,-0.441,-0.4,2
-0.2,MAM,1962,-0.0647,0.0259,-0.016,-0.01,-0.001,-0.026,-0.39,-0.416,-0.9,3
-0.26,MAM,1962,-0.0842,0.0337,-0.02,-0.013,-0.001,-0.034,-0.39,-0.424,-1.1,4
-0.28,MAM,1962,-0.0906,0.0363,-0.022,-0.014,-0.001,-0.037,-0.39,-0.427,-1.2,5
-0.2,JJA,1962,-0.0294,0.0118,-0.007,-0.01,-0.0,-0.017,-0.39,-0.407,0.6,6
-0.04,JJA,1962,-0.0059,0.0024,-0.001,-0.002,-0.0,-0.003,-0.39,-0.393,0.1,7
-0.07,JJA,1962,-0.0103,0.0041,-0.002,-0.004,-0.0,-0.006,-0.39,-0.396,0.2,8
-0.11,SON,1962,-0.0291,0.0117,-0.007,-0.006,-0.0,-0.013,-0.39,-0.403,-0.1,9
-0.22,SON,1962,-0.0583,0.0233,-0.014,-0.011,-0.001,-0.026,-0.39,-0.416,-0.3,10
-0.31,SON,1962,-0.0821,0.0328,-0.02,-0.015,-0.001,-0.036,-0.39,-0.426,-0.4,11
-0.43,DJF,1962,-0.2531,0.1012,-0.061,-0.022,-0.018,-0.1,-0.39,-0.49,-0.9,12
-0.4,DJF,1963,-0.2354,0.0942,-0.057,-0.02,-0.017,-0.093,-0.36,-0.453,-0.8,1
-0.15,DJF,1963,-0.0883,0.0353,-0.021,-0.007,-0.006,-0.035,-0.36,-0.395,-0.3,2
0.15,MAM,1963,0.0486,-0.0194,0.012,0.007,0.001,0.02,-0.36,-0.34,0.7,3
0.27,MAM,1963,0.0874,-0.035,0.021,0.014,0.001,0.036,-0.36,-0.324,1.2,4
0.31,MAM,1963,0.1004,-0.0401,0.024,0.015,0.001,0.041,-0.36,-0.319,1.4,5
0.52,JJA,1963,0.0765,-0.0306,0.018,0.026,0.001,0.045,-0.36,-0.315,-1.6,6
0.86,JJA,1963,0.1266,-0.0506,0.03,0.043,0.002,0.075,-0.36,-0.285,-2.6,7
1.14,JJA,1963,0.1678,-0.0671,0.04,0.057,0.002,0.099,-0.36,-0.261,-3.4,8
1.22,SON,1963,0.3231,-0.1293,0.078,0.061,0.004,0.142,-0.36,-0.218,1.6,9
1.29,SON,1963,0.3417,-0.1367,0.082,0.065,0.004,0.151,-0.36,-0.209,1.7,10
1.37,SON,1963,0.3629,-0.1451,0.087,0.069,0.004,0.16,-0.36,-0.2,1.8,11
1.31,DJF,1963,0.7711,-0.3084,0.185,0.066,0.056,0.306,-0.36,-0.054,2.6,12
1.07,DJF,1964,0.6298,-0.2519,0.151,0.054,0.045,0.25,-0.33,-0.08,2.1,1
0.62,DJF,1964,0.3649,-0.146,0.088,0.031,0.026,0.145,-0.33,-0.185,1.2,2
0.12,MAM,1964,0.0388,-0.0155,0.009,0.006,0.0,0.016,-0.33,-0.314,0.5,3
-0.33,MAM,1964,-0.1068,0.0427,-0.026,-0.017,-0.001,-0.043,-0.33,-0.373,-1.5,4
-0.58,MAM,1964,-0.1878,0.0751,-0.045,-0.029,-0.002,-0.076,-0.33,-0.406,-2.6,5
-0.58,JJA,1964,-0.0853,0.0341,-0.02,-0.029,-0.001,-0.051,-0.33,-0.381,1.7,6
-0.6,JJA,1964,-0.0883,0.0353,-0.021,-0.03,-0.001,-0.052,-0.33,-0.382,1.8,7
-0.66,JJA,1964,-0.0971,0.0388,-0.023,-0.033,-0.001,-0.057,-0.33,-0.387,2.0,8
-0.76,SON,1964,-0.2013,0.0805,-0.048,-0.038,-0.002,-0.089,-0.33,-0.419,-1.0,9
-0.8,SON,1964,-0.2119,0.0848,-0.051,-0.04,-0.003,-0.093,-0.33,-0.423,-1.1,10
-0.82,SON,1964,-0.2172,0.0869,-0.052,-0.041,-0.003,-0.096,-0.33,-0.426,-1.1,11
-0.78,DJF,1964,-0.4591,0.1836,-0.11,-0.039,-0.033,-0.182,-0.33,-0.512,-1.5,12
-0.59,DJF,1965,-0.3473,0.1389,-0.083,-0.029,-0.025,-0.138,-0.3,-0.438,-1.2,1
-0.28,DJF,1965,-0.1648,0.0659,-0.04,-0.014,-0.012,-0.065,-0.3,-0.365,-0.6,2
-0.07,MAM,1965,-0.0227,0.0091,-0.005,-0.004,-0.0,-0.009,-0.3,-0.309,-0.3,3
0.18,MAM,1965,0.0583,-0.0233,0.014,0.009,0.001,0.024,-0.3,-0.276,0.8,4
0.46,MAM,1965,0.1489,-0.0596,0.036,0.023,0.002,0.061,-0.3,-0.239,2.0,5
0.83,JJA,1965,0.1221,-0.0489,0.029,0.042,0.001,0.072,-0.3,-0.228,-2.5,6
1.22,JJA,1965,0.1795,-0.0718,0.043,0.061,0.002,0.106,-0.3,-0.194,-3.7,7
1.54,JJA,1965,0.2266,-0.0906,0.054,0.077,0.003,0.134,-0.3,-0.166,-4.6,8
1.85,SON,1965,0.49,-0.196,0.118,0.093,0.006,0.216,-0.3,-0.084,2.5,9
1.98,SON,1965,0.5244,-0.2098,0.126,0.099,0.006,0.231,-0.3,-0.069,2.7,10
1.97,SON,1965,0.5218,-0.2087,0.125,0.099,0.006,0.23,-0.3,-0.07,2.7,11
1.72,DJF,1965,1.0124,-0.405,0.243,0.086,0.073,0.402,-0.3,0.102,3.4,12
1.37,DJF,1966,0.8064,-0.3226,0.194,0.069,0.058,0.32,-0.27,0.05,2.7,1
1.17,DJF,1966,0.6887,-0.2755,0.165,0.058,0.05,0.273,-0.27,0.003,2.3,2
0.98,MAM,1966,0.3173,-0.1269,0.076,0.049,0.004,0.129,-0.27,-0.141,4.3,3
0.66,MAM,1966,0.2137,-0.0855,0.051,0.033,0.003,0.087,-0.27,-0.183,2.9,4
0.35,MAM,1966,0.1133,-0.0453,0.027,0.017,0.001,0.046,-0.27,-0.224,1.5,5
0.24,JJA,1966,0.0353,-0.0141,0.008,0.012,0.0,0.021,-0.27,-0.249,-0.7,6
0.24,JJA,1966,0.0353,-0.0141,0.008,0.012,0.0,0.021,-0.27,-0.249,-0.7,7
0.12,JJA,1966,0.0177,-0.0071,0.004,0.006,0.0,0.01,-0.27,-0.26,-0.4,8
-0.05,SON,1966,-0.0132,0.0053,-0.003,-0.003,-0.0,-0.006,-0.27,-0.276,-0.1,9
-0.1,SON,1966,-0.0265,0.0106,-0.006,-0.005,-0.0,-0.012,-0.27,-0.282,-0.1,10
-0.18,SON,1966,-0.0477,0.0191,-0.011,-0.009,-0.001,-0.021,-0.27,-0.291,-0.2,11
-0.3,DJF,1966,-0.1766,0.0706,-0.042,-0.015,-0.013,-0.07,-0.27,-0.34,-0.6,12
-0.41,DJF,1967,-0.2413,0.0965,-0.058,-0.021,-0.017,-0.096,-0.24,-0.336,-0.8,1
-0.48,DJF,1967,-0.2825,0.113,-0.068,-0.024,-0.02,-0.112,-0.24,-0.352,-1.0,2
-0.53,MAM,1967,-0.1716,0.0686,-0.041,-0.027,-0.002,-0.07,-0.24,-0.31,-2.3,3
-0.45,MAM,1967,-0.1457,0.0583,-0.035,-0.023,-0.002,-0.059,-0.24,-0.299,-2.0,4
-0.24,MAM,1967,-0.0777,0.0311,-0.019,-0.012,-0.001,-0.032,-0.24,-0.272,-1.1,5
-0.0,JJA,1967,-0.0,0.0,-0.0,-0.0,-0.0,-0.0,-0.24,-0.24,0.0,6
0.05,JJA,1967,0.0074,-0.0029,0.002,0.003,0.0,0.004,-0.24,-0.236,-0.2,7
-0.16,JJA,1967,-0.0235,0.0094,-0.006,-0.008,-0.0,-0.014,-0.24,-0.254,0.5,8
-0.3,SON,1967,-0.0795,0.0318,-0.019,-0.015,-0.001,-0.035,-0.24,-0.275,-0.4,9
-0.38,SON,1967,-0.1007,0.0403,-0.024,-0.019,-0.001,-0.044,-0.24,-0.284,-0.5,10
-0.34,SON,1967,-0.0901,0.036,-0.022,-0.017,-0.001,-0.04,-0.24,-0.28,-0.5,11
-0.44,DJF,1967,-0.259,0.1036,-0.062,-0.022,-0.019,-0.103,-0.24,-0.343,-0.9,12
-0.64,DJF,1968,-0.3767,0.1507,-0.09,-0.032,-0.027,-0.15,-0.21,-0.36,-1.3,1
-0.74,DJF,1968,-0.4356,0.1742,-0.105,-0.037,-0.031,-0.173,-0.21,-0.383,-1.5,2
-0.62,MAM,1968,-0.2007,0.0803,-0.048,-0.031,-0.002,-0.082,-0.21,-0.292,-2.7,3
-0.44,MAM,1968,-0.1424,0.057,-0.034,-0.022,-0.002,-0.058,-0.21,-0.268,-1.9,4
-0.04,MAM,1968,-0.0129,0.0052,-0.003,-0.002,-0.0,-0.005,-0.21,-0.215,-0.2,5
0.28,JJA,1968,0.0412,-0.0165,0.01,0.014,0.0,0.024,-0.21,-0.186,-0.8,6
0.58,JJA,1968,0.0853,-0.0341,0.02,0.029,0.001,0.051,-0.21,-0.159,-1.7,7
0.53,JJA,1968,0.078,-0.0312,0.019,0.027,0.001,0.046,-0.21,-0.164,-1.6,8
0.45,SON,1968,0.1192,-0.0477,0.029,0.023,0.001,0.053,-0.21,-0.157,0.6,9
0.55,SON,1968,0.1457,-0.0583,0.035,0.028,0.002,0.064,-0.21,-0.146,0.7,10
0.73,SON,1968,0.1934,-0.0773,0.046,0.036,0.002,0.085,-0.21,-0.125,1.0,11
0.98,DJF,1968,0.5768,-0.2307,0.138,0.049,0.042,0.229,-0.21,0.019,1.9,12
1.13,DJF,1969,0.6651,-0.266,0.16,0.056,0.048,0.264,-0.18,0.084,2.2,1
1.09,DJF,1969,0.6416,-0.2566,0.154,0.055,0.046,0.255,-0.18,0.075,2.2,2
0.95,MAM,1969,0.3075,-0.123,0.074,0.048,0.004,0.125,-0.18,-0.055,4.2,3
0.77,MAM,1969,0.2493,-0.0997,0.06,0.039,0.003,0.101,-0.18,-0.079,3.4,4
0.61,MAM,1969,0.1975,-0.079,0.047,0.03,0.002,0.08,-0.18,-0.1,2.7,5
0.43,JJA,1969,0.0633,-0.0253,0.015,0.022,0.001,0.037,-0.18,-0.143,-1.3,6
0.36,JJA,1969,0.053,-0.0212,0.013,0.018,0.001,0.031,-0.18,-0.149,-1.1,7
0.51,JJA,1969,0.075,-0.03,0.018,0.026,0.001,0.044,-0.18,-0.136,-1.5,8
0.79,SON,1969,0.2092,-0.0837,0.05,0.04,0.003,0.092,-0.18,-0.088,1.1,9
0.86,SON,1969,0.2278,-0.0911,0.055,0.043,0.003,0.1,-0.18,-0.08,1.2,10
0.81,SON,1969,0.2145,-0.0858,0.051,0.041,0.003,0.095,-0.18,-0.085,1.1,11
0.63,DJF,1969,0.3708,-0.1483,0.089,0.032,0.027,0.147,-0.18,-0.033,1.3,12
0.51,DJF,1970,0.3002,-0.1201,0.072,0.026,0.022,0.119,-0.15,-0.031,1.0,1
0.34,DJF,1970,0.2001,-0.0801,0.048,0.017,0.014,0.079,-0.15,-0.071,0.7,2
0.29,MAM,1970,0.0939,-0.0376,0.023,0.014,0.001,0.038,-0.15,-0.112,1.3,3
0.19,MAM,1970,0.0615,-0.0246,0.015,0.01,0.001,0.025,-0.15,-0.125,0.8,4
0.04,MAM,1970,0.0129,-0.0052,0.003,0.002,0.0,0.005,-0.15,-0.145,0.2,5
-0.3,JJA,1970,-0.0441,0.0177,-0.011,-0.015,-0.001,-0.026,-0.15,-0.176,0.9,6
-0.63,JJA,1970,-0.0927,0.0371,-0.022,-0.032,-0.001,-0.055,-0.15,-0.205,1.9,7
-0.76,JJA,1970,-0.1118,0.0447,-0.027,-0.038,-0.001,-0.066,-0.15,-0.216,2.3,8
-0.77,SON,1970,-0.204,0.0816,-0.049,-0.039,-0.002,-0.09,-0.15,-0.24,-1.0,9
-0.74,SON,1970,-0.196,0.0784,-0.047,-0.037,-0.002,-0.086,-0.15,-0.236,-1.0,10
-0.86,SON,1970,-0.2278,0.0911,-0.055,-0.043,-0.003,-0.1,-0.15,-0.25,-1.2,11
-1.15,DJF,1970,-0.6769,0.2708,-0.162,-0.057,-0.049,-0.269,-0.15,-0.419,-2.3,12
-1.36,DJF,1971,-0.8005,0.3202,-0.192,-0.068,-0.058,-0.318,-0.12,-0.438,-2.7,1
-1.38,DJF,1971,-0.8123,0.3249,-0.195,-0.069,-0.058,-0.322,-0.12,-0.442,-2.7,2
-1.12,MAM,1971,-0.3626,0.145,-0.087,-0.056,-0.004,-0.147,-0.12,-0.267,-4.9,3
-0.85,MAM,1971,-0.2752,0.1101,-0.066,-0.043,-0.003,-0.112,-0.12,-0.232,-3.7,4
-0.73,MAM,1971,-0.2363,0.0945,-0.057,-0.036,-0.003,-0.096,-0.12,-0.216,-3.2,5
-0.74,JJA,1971,-0.1089,0.0436,-0.026,-0.037,-0.001,-0.064,-0.12,-0.184,2.2,6
-0.8,JJA,1971,-0.1177,0.0471,-0.028,-0.04,-0.001,-0.07,-0.12,-0.19,2.4,7
-0.77,JJA,1971,-0.1133,0.0453,-0.027,-0.039,-0.001,-0.067,-0.12,-0.187,2.3,8
-0.82,SON,1971,-0.2172,0.0869,-0.052,-0.041,-0.003,-0.096,-0.12,-0.216,-1.1,9
-0.85,SON,1971,-0.2251,0.0901,-0.054,-0.043,-0.003,-0.099,-0.12,-0.219,-1.1,10
-0.96,SON,1971,-0.2543,0.1017,-0.061,-0.048,-0.003,-0.112,-0.12,-0.232,-1.3,11
-0.9,DJF,1971,-0.5297,0.2119,-0.127,-0.045,-0.038,-0.21,-0.12,-0.33,-1.8,12
-0.71,DJF,1972,-0.4179,0.1672,-0.1,-0.035,-0.03,-0.166,-0.09,-0.256,-1.4,1
-0.35,DJF,1972,-0.206,0.0824,-0.049,-0.017,-0.015,-0.082,-0.09,-0.172,-0.7,2
0.06,MAM,1972,0.0194,-0.0078,0.005,0.003,0.0,0.008,-0.09,-0.082,0.3,3
0.41,MAM,1972,0.1327,-0.0531,0.032,0.021,0.002,0.054,-0.09,-0.036,1.8,4
0.67,MAM,1972,0.2169,-0.0868,0.052,0.034,0.003,0.088,-0.09,-0.002,2.9,5
0.92,JJA,1972,0.1354,-0.0542,0.032,0.046,0.002,0.08,-0.09,-0.01,-2.8,6
1.13,JJA,1972,0.1663,-0.0665,0.04,0.056,0.002,0.098,-0.09,0.008,-3.4,7
1.37,JJA,1972,0.2016,-0.0806,0.048,0.069,0.002,0.119,-0.09,0.029,-4.1,8
1.58,SON,1972,0.4185,-0.1674,0.1,0.079,0.005,0.184,-0.09,0.094,2.1,9
1.84,SON,1972,0.4874,-0.1949,0.117,0.092,0.006,0.215,-0.09,0.125,2.5,10
2.09,SON,1972,0.5536,-0.2214,0.133,0.104,0.007,0.244,-0.09,0.154,2.8,11
2.12,DJF,1972,1.2478,-0.4991,0.299,0.106,0.09,0.495,-0.09,0.405,4.2,12
1.84,DJF,1973,1.083,-0.4332,0.26,0.092,0.078,0.43,-0.06,0.37,3.7,1
1.25,DJF,1973,0.7358,-0.2943,0.177,0.062,0.053,0.292,-0.06,0.232,2.5,2
0.54,MAM,1973,0.1748,-0.0699,0.042,0.027,0.002,0.071,-0.06,0.011,2.4,3
-0.1,MAM,1973,-0.0324,0.0129,-0.008,-0.005,-0.0,-0.013,-0.06,-0.073,-0.4,4
-0.54,MAM,1973,-0.1748,0.0699,-0.042,-0.027,-0.002,-0.071,-0.06,-0.131,-2.4,5
-0.87,JJA,1973,-0.128,0.0512,-0.031,-0.044,-0.002,-0.076,-0.06,-0.136,2.6,6
-1.11,JJA,1973,-0.1633,0.0653,-0.039,-0.056,-0.002,-0.097,-0.06,-0.157,3.3,7
-1.28,JJA,1973,-0.1884,0.0753,-0.045,-0.064,-0.002,-0.111,-0.06,-0.171,3.8,8
-1.45,SON,1973,-0.3841,0.1536,-0.092,-0.072,-0.005,-0.169,-0.06,-0.229,-2.0,9
-1.71,SON,1973,-0.4529,0.1812,-0.109,-0.086,-0.005,-0.2,-0.06,-0.26,-2.3,10
-1.95,SON,1973,-0.5165,0.2066,-0.124,-0.098,-0.006,-0.228,-0.06,-0.288,-2.6,11
-2.03,DJF,1973,-1.1949,0.4779,-0.287,-0.101,-0.086,-0.474,-0.06,-0.534,-4.0,12
-1.84,DJF,1974,-1.083,0.4332,-0.26,-0.092,-0.078,-0.43,-0.03,-0.46,-3.7,1
-1.55,DJF,1974,-0.9123,0.3649,-0.219,-0.078,-0.066,-0.362,-0.03,-0.392,-3.1,2
-1.23,MAM,1974,-0.3982,0.1593,-0.096,-0.061,-0.005,-0.162,-0.03,-0.192,-5.4,3
-1.03,MAM,1974,-0.3334,0.1334,-0.08,-0.052,-0.004,-0.136,-0.03,-0.166,-4.5,4
-0.91,MAM,1974,-0.2946,0.1178,-0.071,-0.046,-0.004,-0.12,-0.03,-0.15,-4.0,5
-0.77,JJA,1974,-0.1133,0.0453,-0.027,-0.039,-0.001,-0.067,-0.03,-0.097,2.3,6
-0.53,JJA,1974,-0.078,0.0312,-0.019,-0.027,-0.001,-0.046,-0.03,-0.076,1.6,7
-0.37,JJA,1974,-0.0544,0.0218,-0.013,-0.018,-0.001,-0.032,-0.03,-0.062,1.1,8
-0.41,SON,1974,-0.1086,0.0434,-0.026,-0.021,-0.001,-0.048,-0.03,-0.078,-0.6,9
-0.61,SON,1974,-0.1616,0.0646,-0.039,-0.03,-0.002,-0.071,-0.03,-0.101,-0.8,10
-0.75,SON,1974,-0.1987,0.0795,-0.048,-0.038,-0.002,-0.088,-0.03,-0.118,-1.0,11
-0.64,DJF,1974,-0.3767,0.1507,-0.09,-0.032,-0.027,-0.15,-0.03,-0.18,-1.3,12
-0.54,DJF,1975,-0.3178,0.1271,-0.076,-0.027,-0.023,-0.126,0.0,-0.126,-1.1,1
-0.57,DJF,1975,-0.3355,0.1342,-0.081,-0.028,-0.024,-0.133,0.0,-0.133,-1.1,2
-0.65,MAM,1975,-0.2104,0.0842,-0.051,-0.033,-0.003,-0.086,0.0,-0.086,-2.9,3
-0.73,MAM,1975,-0.2363,0.0945,-0.057,-0.036,-0.003,-0.096,0.0,-0.096,-3.2,4
-0.83,MAM,1975,-0.2687,0.1075,-0.064,-0.042,-0.003,-0.109,0.0,-0.109,-3.7,5
-0.98,JJA,1975,-0.1442,0.0577,-0.035,-0.049,-0.002,-0.085,0.0,-0.085,2.9,6
-1.13,JJA,1975,-0.1663,0.0665,-0.04,-0.056,-0.002,-0.098,0.0,-0.098,3.4,7
-1.2,JJA,1975,-0.1766,0.0706,-0.042,-0.06,-0.002,-0.104,0.0,-0.104,3.6,8
-1.37,SON,1975,-0.3629,0.1451,-0.087,-0.069,-0.004,-0.16,0.0,-0.16,-1.8,9
-1.43,SON,1975,-0.3788,0.1515,-0.091,-0.071,-0.005,-0.167,0.0,-0.167,-1.9,10
-1.55,SON,1975,-0.4106,0.1642,-0.099,-0.078,-0.005,-0.181,0.0,-0.181,-2.1,11
-1.65,DJF,1975,-0.9712,0.3885,-0.233,-0.083,-0.07,-0.386,0.0,-0.386,-3.3,12
-1.56,DJF,1976,-0.9182,0.3673,-0.22,-0.078,-0.066,-0.364,0.03,-0.334,-3.1,1
-1.17,DJF,1976,-0.6887,0.2755,-0.165,-0.058,-0.05,-0.273,0.03,-0.243,-2.3,2
-0.73,MAM,1976,-0.2363,0.0945,-0.057,-0.036,-0.003,-0.096,0.03,-0.066,-3.2,3
-0.47,MAM,1976,-0.1522,0.0609,-0.037,-0.024,-0.002,-0.062,0.03,-0.032,-2.1,4
-0.28,MAM,1976,-0.0906,0.0363,-0.022,-0.014,-0.001,-0.037,0.03,-0.007,-1.2,5
-0.05,JJA,1976,-0.0074,0.0029,-0.002,-0.003,-0.0,-0.004,0.03,0.026,0.2,6
0.18,JJA,1976,0.0265,-0.0106,0.006,0.009,0.0,0.016,0.03,0.046,-0.5,7
0.35,JJA,1976,0.0515,-0.0206,0.012,0.017,0.001,0.03,0.03,0.06,-1.0,8
0.62,SON,1976,0.1642,-0.0657,0.039,0.031,0.002,0.072,0.03,0.102,0.8,9
0.81,SON,1976,0.2145,-0.0858,0.051,0.041,0.003,0.095,0.03,0.125,1.1,10
0.86,SON,1976,0.2278,-0.0911,0.055,0.043,0.003,0.1,0.03,0.13,1.2,11
0.85,DJF,1976,0.5003,-0.2001,0.12,0.043,0.036,0.199,0.03,0.229,1.7,12
0.71,DJF,1977,0.4179,-0.1672,0.1,0.035,0.03,0.166,0.06,0.226,1.4,1
0.64,DJF,1977,0.3767,-0.1507,0.09,0.032,0.027,0.15,0.06,0.21,1.3,2
0.34,MAM,1977,0.1101,-0.044,0.026,0.017,0.001,0.045,0.06,0.105,1.5,3
0.23,MAM,1977,0.0745,-0.0298,0.018,0.012,0.001,0.03,0.06,0.09,1.0,4
0.21,MAM,1977,0.068,-0.0272,0.016,0.011,0.001,0.028,0.06,0.088,0.9,5
0.34,JJA,1977,0.05,-0.02,0.012,0.017,0.001,0.03,0.06,0.09,-1.0,6
0.35,JJA,1977,0.0515,-0.0206,0.012,0.017,0.001,0.03,0.06,0.09,-1.0,7
0.42,JJA,1977,0.0618,-0.0247,0.015,0.021,0.001,0.037,0.06,0.097,-1.3,8
0.57,SON,1977,0.151,-0.0604,0.036,0.028,0.002,0.067,0.06,0.127,0.8,9
0.73,SON,1977,0.1934,-0.0773,0.046,0.036,0.002,0.085,0.06,0.145,1.0,10
0.81,SON,1977,0.2145,-0.0858,0.051,0.041,0.003,0.095,0.06,0.155,1.1,11
0.79,DJF,1977,0.465,-0.186,0.112,0.04,0.033,0.185,0.06,0.245,1.6,12
0.69,DJF,1978,0.4061,-0.1625,0.097,0.034,0.029,0.161,0.09,0.251,1.4,1
0.42,DJF,1978,0.2472,-0.0989,0.059,0.021,0.018,0.098,0.09,0.188,0.8,2
0.06,MAM,1978,0.0194,-0.0078,0.005,0.003,0.0,0.008,0.09,0.098,0.3,3
-0.18,MAM,1978,-0.0583,0.0233,-0.014,-0.009,-0.001,-0.024,0.09,0.066,-0.8,4
-0.31,MAM,1978,-0.1004,0.0401,-0.024,-0.015,-0.001,-0.041,0.09,0.049,-1.4,5
-0.29,JJA,1978,-0.0427,0.0171,-0.01,-0.014,-0.001,-0.025,0.09,0.065,0.9,6
-0.36,JJA,1978,-0.053,0.0212,-0.013,-0.018,-0.001,-0.031,0.09,0.059,1.1,7
-0.42,JJA,1978,-0.0618,0.0247,-0.015,-0.021,-0.001,-0.037,0.09,0.053,1.3,8
-0.42,SON,1978,-0.1112,0.0445,-0.027,-0.021,-0.001,-0.049,0.09,0.041,-0.6,9
-0.29,SON,1978,-0.0768,0.0307,-0.018,-0.014,-0.001,-0.034,0.09,0.056,-0.4,10
-0.08,SON,1978,-0.0212,0.0085,-0.005,-0.004,-0.0,-0.009,0.09,0.081,-0.1,11
0.0,DJF,1978,0.0,-0.0,0.0,0.0,0.0,0.0,0.09,0.09,0.0,12
0.03,DJF,1979,0.0177,-0.0071,0.004,0.002,0.001,0.007,0.12,0.127,0.1,1
0.07,DJF,1979,0.0412,-0.0165,0.01,0.004,0.003,0.016,0.12,0.136,0.1,2
0.2,MAM,1979,0.0647,-0.0259,0.016,0.01,0.001,0.026,0.12,0.146,0.9,3
0.28,MAM,1979,0.0906,-0.0363,0.022,0.014,0.001,0.037,0.12,0.157,1.2,4
0.23,MAM,1979,0.0745,-0.0298,0.018,0.012,0.001,0.03,0.12,0.15,1.0,5
0.05,JJA,1979,0.0074,-0.0029,0.002,0.003,0.0,0.004,0.12,0.124,-0.2,6
0.04,JJA,1979,0.0059,-0.0024,0.001,0.002,0.0,0.003,0.12,0.123,-0.1,7
0.17,JJA,1979,0.025,-0.01,0.006,0.009,0.0,0.015,0.12,0.135,-0.5,8
0.33,SON,1979,0.0874,-0.035,0.021,0.017,0.001,0.039,0.12,0.159,0.4,9
0.45,SON,1979,0.1192,-0.0477,0.029,0.023,0.001,0.053,0.12,0.173,0.6,10
0.52,SON,1979,0.1377,-0.0551,0.033,0.026,0.002,0.061,0.12,0.181,0.7,11
0.64,DJF,1979,0.3767,-0.1507,0.09,0.032,0.027,0.15,0.12,0.27,1.3,12
0.59,DJF,1980,0.3473,-0.1389,0.083,0.029,0.025,0.138,0.15,0.288,1.2,1
0.46,DJF,1980,0.2708,-0.1083,0.065,0.023,0.019,0.107,0.15,0.257,0.9,2
0.34,MAM,1980,0.1101,-0.044,0.026,0.017,0.001,0.045,0.15,0.195,1.5,3
0.38,MAM,1980,0.123,-0.0492,0.03,0.019,0.001,0.05,0.15,0.2,1.7,4
0.48,MAM,1980,0.1554,-0.0622,0.037,0.024,0.002,0.063,0.15,0.213,2.1,5
0.46,JJA,1980,0.0677,-0.0271,0.016,0.023,0.001,0.04,0.15,0.19,-1.4,6
0.25,JJA,1980,0.0368,-0.0147,0.009,0.013,0.0,0.022,0.15,0.172,-0.8,7
0.03,JJA,1980,0.0044,-0.0018,0.001,0.002,0.0,0.003,0.15,0.153,-0.1,8
-0.07,SON,1980,-0.0185,0.0074,-0.004,-0.004,-0.0,-0.008,0.15,0.142,-0.1,9
0.02,SON,1980,0.0053,-0.0021,0.001,0.001,0.0,0.002,0.15,0.152,0.0,10
0.11,SON,1980,0.0291,-0.0117,0.007,0.006,0.0,0.013,0.15,0.163,0.1,11
-0.01,DJF,1980,-0.0059,0.0024,-0.001,-0.001,-0.0,-0.002,0.15,0.148,-0.0,12
-0.26,DJF,1981,-0.153,0.0612,-0.037,-0.013,-0.011,-0.061,0.18,0.119,-0.5,1
-0.5,DJF,1981,-0.2943,0.1177,-0.071,-0.025,-0.021,-0.117,0.18,0.063,-1.0,2
-0.47,MAM,1981,-0.1522,0.0609,-0.037,-0.024,-0.002,-0.062,0.18,0.118,-2.1,3
-0.37,MAM,1981,-0.1198,0.0479,-0.029,-0.018,-0.001,-0.049,0.18,0.131,-1.6,4
-0.26,MAM,1981,-0.0842,0.0337,-0.02,-0.013,-0.001,-0.034,0.18,0.146,-1.1,5
-0.29,JJA,1981,-0.0427,0.0171,-0.01,-0.014,-0.001,-0.025,0.18,0.155,0.9,6
-0.3,JJA,1981,-0.0441,0.0177,-0.011,-0.015,-0.001,-0.026,0.18,0.154,0.9,7
-0.25,JJA,1981,-0.0368,0.0147,-0.009,-0.013,-0.0,-0.022,0.18,0.158,0.8,8
-0.16,SON,1981,-0.0424,0.017,-0.01,-0.008,-0.001,-0.019,0.18,0.161,-0.2,9
-0.13,SON,1981,-0.0344,0.0138,-0.008,-0.007,-0.0,-0.015,0.18,0.165,-0.2,10
-0.15,SON,1981,-0.0397,0.0159,-0.01,-0.007,-0.0,-0.018,0.18,0.162,-0.2,11
-0.08,DJF,1981,-0.0471,0.0188,-0.011,-0.004,-0.003,-0.019,0.18,0.161,-0.2,12
-0.05,DJF,1982,-0.0294,0.0118,-0.007,-0.003,-0.002,-0.012,0.21,0.198,-0.1,1
0.07,DJF,1982,0.0412,-0.0165,0.01,0.004,0.003,0.016,0.21,0.226,0.1,2
0.19,MAM,1982,0.0615,-0.0246,0.015,0.01,0.001,0.025,0.21,0.235,0.8,3
0.47,MAM,1982,0.1522,-0.0609,0.037,0.024,0.002,0.062,0.21,0.272,2.1,4
0.66,MAM,1982,0.2137,-0.0855,0.051,0.033,0.003,0.087,0.21,0.297,2.9,5
0.72,JJA,1982,0.1059,-0.0424,0.025,0.036,0.001,0.063,0.21,0.273,-2.2,6
0.79,JJA,1982,0.1162,-0.0465,0.028,0.04,0.001,0.069,0.21,0.279,-2.4,7
1.07,JJA,1982,0.1575,-0.063,0.038,0.054,0.002,0.093,0.21,0.303,-3.2,8
1.58,SON,1982,0.4185,-0.1674,0.1,0.079,0.005,0.184,0.21,0.394,2.1,9
1.97,SON,1982,0.5218,-0.2087,0.125,0.099,0.006,0.23,0.21,0.44,2.7,10
2.18,SON,1982,0.5774,-0.231,0.139,0.109,0.007,0.255,0.21,0.465,2.9,11
2.23,DJF,1982,1.3126,-0.525,0.315,0.112,0.095,0.521,0.21,0.731,4.4,12
2.18,DJF,1983,1.2832,-0.5133,0.308,0.109,0.092,0.509,0.24,0.749,4.3,1
1.92,DJF,1983,1.1301,-0.452,0.271,0.096,0.081,0.449,0.24,0.689,3.8,2
1.54,MAM,1983,0.4985,-0.1994,0.12,0.077,0.006,0.203,0.24,0.443,6.8,3
1.29,MAM,1983,0.4176,-0.167,0.1,0.065,0.005,0.17,0.24,0.41,5.7,4
1.06,MAM,1983,0.3432,-0.1373,0.082,0.053,0.004,0.139,0.24,0.379,4.7,5
0.72,JJA,1983,0.1059,-0.0424,0.025,0.036,0.001,0.063,0.24,0.303,-2.2,6
0.31,JJA,1983,0.0456,-0.0182,0.011,0.015,0.001,0.027,0.24,0.267,-0.9,7
-0.08,JJA,1983,-0.0118,0.0047,-0.003,-0.004,-0.0,-0.007,0.24,0.233,0.2,8
-0.46,SON,1983,-0.1218,0.0487,-0.029,-0.023,-0.001,-0.054,0.24,0.186,-0.6,9
-0.81,SON,1983,-0.2145,0.0858,-0.051,-0.041,-0.003,-0.095,0.24,0.145,-1.1,10
-1.0,SON,1983,-0.2649,0.1059,-0.064,-0.05,-0.003,-0.117,0.24,0.123,-1.4,11
-0.91,DJF,1983,-0.5356,0.2143,-0.129,-0.046,-0.039,-0.213,0.24,0.027,-1.8,12
-0.6,DJF,1984,-0.3532,0.1413,-0.085,-0.03,-0.025,-0.14,0.27,0.13,-1.2,1
-0.42,DJF,1984,-0.2472,0.0989,-0.059,-0.021,-0.018,-0.098,0.27,0.172,-0.8,2
-0.34,MAM,1984,-0.1101,0.044,-0.026,-0.017,-0.001,-0.045,0.27,0.225,-1.5,3
-0.43,MAM,1984,-0.1392,0.0557,-0.033,-0.022,-0.002,-0.057,0.27,0.213,-1.9,4
-0.51,MAM,1984,-0.1651,0.066,-0.04,-0.026,-0.002,-0.067,0.27,0.203,-2.2,5
-0.45,JJA,1984,-0.0662,0.0265,-0.016,-0.023,-0.001,-0.039,0.27,0.231,1.4,6
-0.3,JJA,1984,-0.0441,0.0177,-0.011,-0.015,-0.001,-0.026,0.27,0.244,0.9,7
-0.16,JJA,1984,-0.0235,0.0094,-0.006,-0.008,-0.0,-0.014,0.27,0.256,0.5,8
-0.24,SON,1984,-0.0636,0.0254,-0.015,-0.012,-0.001,-0.028,0.27,0.242,-0.3,9
-0.56,SON,1984,-0.1483,0.0593,-0.036,-0.028,-0.002,-0.065,0.27,0.205,-0.8,10
-0.92,SON,1984,-0.2437,0.0975,-0.058,-0.046,-0.003,-0.107,0.27,0.163,-1.2,11
-1.14,DJF,1984,-0.671,0.2684,-0.161,-0.057,-0.048,-0.266,0.27,0.004,-2.3,12
-1.04,DJF,1985,-0.6121,0.2449,-0.147,-0.052,-0.044,-0.243,0.3,0.057,-2.1,1
-0.85,DJF,1985,-0.5003,0.2001,-0.12,-0.043,-0.036,-0.199,0.3,0.101,-1.7,2
-0.77,MAM,1985,-0.2493,0.0997,-0.06,-0.039,-0.003,-0.101,0.3,0.199,-3.4,3
-0.78,MAM,1985,-0.2525,0.101,-0.061,-0.039,-0.003,-0.103,0.3,0.197,-3.4,4
-0.78,MAM,1985,-0.2525,0.101,-0.061,-0.039,-0.003,-0.103,0.3,0.197,-3.4,5
-0.63,JJA,1985,-0.0927,0.0371,-0.022,-0.032,-0.001,-0.055,0.3,0.245,1.9,6
-0.49,JJA,1985,-0.0721,0.0288,-0.017,-0.025,-0.001,-0.043,0.3,0.257,1.5,7
-0.46,JJA,1985,-0.0677,0.0271,-0.016,-0.023,-0.001,-0.04,0.3,0.26,1.4,8
-0.4,SON,1985,-0.1059,0.0424,-0.025,-0.02,-0.001,-0.047,0.3,0.253,-0.5,9
-0.35,SON,1985,-0.0927,0.0371,-0.022,-0.017,-0.001,-0.041,0.3,0.259,-0.5,10
-0.27,SON,1985,-0.0715,0.0286,-0.017,-0.014,-0.001,-0.032,0.3,0.268,-0.4,11
-0.36,DJF,1985,-0.2119,0.0848,-0.051,-0.018,-0.015,-0.084,0.3,0.216,-0.7,12
-0.49,DJF,1986,-0.2884,0.1154,-0.069,-0.025,-0.021,-0.114,0.33,0.216,-1.0,1
-0.47,DJF,1986,-0.2766,0.1107,-0.066,-0.024,-0.02,-0.11,0.33,0.22,-0.9,2
-0.31,MAM,1986,-0.1004,0.0401,-0.024,-0.015,-0.001,-0.041,0.33,0.289,-1.4,3
-0.2,MAM,1986,-0.0647,0.0259,-0.016,-0.01,-0.001,-0.026,0.33,0.304,-0.9,4
-0.12,MAM,1986,-0.0388,0.0155,-0.009,-0.006,-0.0,-0.016,0.33,0.314,-0.5,5
-0.04,JJA,1986,-0.0059,0.0024,-0.001,-0.002,-0.0,-0.003,0.33,0.327,0.1,6
0.22,JJA,1986,0.0324,-0.0129,0.008,0.011,0.0,0.019,0.33,0.349,-0.7,7
0.44,JJA,1986,0.0647,-0.0259,0.016,0.022,0.001,0.038,0.33,0.368,-1.3,8
0.71,SON,1986,0.1881,-0.0752,0.045,0.035,0.002,0.083,0.33,0.413,1.0,9
0.94,SON,1986,0.249,-0.0996,0.06,0.047,0.003,0.11,0.33,0.44,1.3,10
1.14,SON,1986,0.302,-0.1208,0.072,0.057,0.004,0.133,0.33,0.463,1.5,11
1.22,DJF,1986,0.7181,-0.2872,0.172,0.061,0.052,0.285,0.33,0.615,2.4,12
1.23,DJF,1987,0.724,-0.2896,0.174,0.061,0.052,0.287,0.36,0.647,2.4,1
1.19,DJF,1987,0.7004,-0.2802,0.168,0.059,0.05,0.278,0.36,0.638,2.4,2
1.06,MAM,1987,0.3432,-0.1373,0.082,0.053,0.004,0.139,0.36,0.499,4.7,3
0.95,MAM,1987,0.3075,-0.123,0.074,0.048,0.004,0.125,0.36,0.485,4.2,4
0.97,MAM,1987,0.314,-0.1256,0.075,0.049,0.004,0.128,0.36,0.488,4.3,5
1.22,JJA,1987,0.1795,-0.0718,0.043,0.061,0.002,0.106,0.36,0.466,-3.7,6
1.51,JJA,1987,0.2222,-0.0889,0.053,0.076,0.003,0.131,0.36,0.491,-4.5,7
1.7,JJA,1987,0.2502,-0.1001,0.06,0.085,0.003,0.148,0.36,0.508,-5.1,8
1.65,SON,1987,0.437,-0.1748,0.105,0.083,0.005,0.193,0.36,0.553,2.2,9
1.48,SON,1987,0.392,-0.1568,0.094,0.074,0.005,0.173,0.36,0.533,2.0,10
1.25,SON,1987,0.3311,-0.1324,0.079,0.062,0.004,0.146,0.36,0.506,1.7,11
1.11,DJF,1987,0.6534,-0.2613,0.157,0.056,0.047,0.259,0.36,0.619,2.2,12
0.81,DJF,1988,0.4768,-0.1907,0.114,0.041,0.034,0.189,0.39,0.579,1.6,1
0.54,DJF,1988,0.3178,-0.1271,0.076,0.027,0.023,0.126,0.39,0.516,1.1,2
0.14,MAM,1988,0.0453,-0.0181,0.011,0.007,0.001,0.018,0.39,0.408,0.6,3
-0.31,MAM,1988,-0.1004,0.0401,-0.024,-0.015,-0.001,-0.041,0.39,0.349,-1.4,4
-0.88,MAM,1988,-0.2849,0.114,-0.068,-0.044,-0.003,-0.116,0.39,0.274,-3.9,5
-1.3,JJA,1988,-0.1913,0.0765,-0.046,-0.065,-0.002,-0.113,0.39,0.277,3.9,6
-1.3,JJA,1988,-0.1913,0.0765,-0.046,-0.065,-0.002,-0.113,0.39,0.277,3.9,7
-1.11,JJA,1988,-0.1633,0.0653,-0.039,-0.056,-0.002,-0.097,0.39,0.293,3.3,8
-1.19,SON,1988,-0.3152,0.1261,-0.076,-0.059,-0.004,-0.139,0.39,0.251,-1.6,9
-1.48,SON,1988,-0.392,0.1568,-0.094,-0.074,-0.005,-0.173,0.39,0.217,-2.0,10
-1.8,SON,1988,-0.4768,0.1907,-0.114,-0.09,-0.006,-0.21,0.39,0.18,-2.4,11
-1.85,DJF,1988,-1.0889,0.4356,-0.261,-0.093,-0.078,-0.432,0.39,-0.042,-3.7,12
-1.69,DJF,1989,-0.9947,0.3979,-0.239,-0.085,-0.072,-0.395,0.42,0.025,-3.4,1
-1.43,DJF,1989,-0.8417,0.3367,-0.202,-0.071,-0.061,-0.334,0.42,0.086,-2.8,2
-1.08,MAM,1989,-0.3496,0.1399,-0.084,-0.054,-0.004,-0.142,0.42,0.278,-4.8,3
-0.83,MAM,1989,-0.2687,0.1075,-0.064,-0.042,-0.003,-0.109,0.42,0.311,-3.7,4
-0.58,MAM,1989,-0.1878,0.0751,-0.045,-0.029,-0.002,-0.076,0.42,0.344,-2.6,5
-0.4,JJA,1989,-0.0589,0.0235,-0.014,-0.02,-0.001,-0.035,0.42,0.385,1.2,6
-0.31,JJA,1989,-0.0456,0.0182,-0.011,-0.015,-0.001,-0.027,0.42,0.393,0.9,7
-0.27,JJA,1989,-0.0397,0.0159,-0.01,-0.014,-0.0,-0.024,0.42,0.396,0.8,8
-0.24,SON,1989,-0.0636,0.0254,-0.015,-0.012,-0.001,-0.028,0.42,0.392,-0.3,9
-0.22,SON,1989,-0.0583,0.0233,-0.014,-0.011,-0.001,-0.026,0.42,0.394,-0.3,10
-0.16,SON,1989,-0.0424,0.017,-0.01,-0.008,-0.001,-0.019,0.42,0.401,-0.2,11
-0.05,DJF,1989,-0.0294,0.0118,-0.007,-0.003,-0.002,-0.012,0.42,0.408,-0.1,12
0.14,DJF,1990,0.0824,-0.033,0.02,0.007,0.006,0.033,0.45,0.483,0.3,1
0.21,DJF,1990,0.1236,-0.0494,0.03,0.011,0.009,0.049,0.45,0.499,0.4,2
0.28,MAM,1990,0.0906,-0.0363,0.022,0.014,0.001,0.037,0.45,0.487,1.2,3
0.29,MAM,1990,0.0939,-0.0376,0.023,0.014,0.001,0.038,0.45,0.488,1.3,4
0.29,MAM,1990,0.0939,-0.0376,0.023,0.014,0.001,0.038,0.45,0.488,1.3,5
0.31,JJA,1990,0.0456,-0.0182,0.011,0.015,0.001,0.027,0.45,0.477,-0.9,6
0.33,JJA,1990,0.0486,-0.0194,0.012,0.017,0.001,0.029,0.45,0.479,-1.0,7
0.38,JJA,1990,0.0559,-0.0224,0.013,0.019,0.001,0.033,0.45,0.483,-1.1,8
0.39,SON,1990,0.1033,-0.0413,0.025,0.02,0.001,0.046,0.45,0.496,0.5,9
0.35,SON,1990,0.0927,-0.0371,0.022,0.017,0.001,0.041,0.45,0.491,0.5,10
0.4,SON,1990,0.1059,-0.0424,0.025,0.02,0.001,0.047,0.45,0.497,0.5,11
0.41,DJF,1990,0.2413,-0.0965,0.058,0.021,0.017,0.096,0.45,0.546,0.8,12
0.41,DJF,1991,0.2413,-0.0965,0.058,0.021,0.017,0.096,0.48,0.576,0.8,1
0.26,DJF,1991,0.153,-0.0612,0.037,0.013,0.011,0.061,0.48,0.541,0.5,2
0.22,MAM,1991,0.0712,-0.0285,0.017,0.011,0.001,0.029,0.48,0.509,1.0,3
0.26,MAM,1991,0.0842,-0.0337,0.02,0.013,0.001,0.034,0.48,0.514,1.1,4
0.45,MAM,1991,0.1457,-0.0583,0.035,0.023,0.002,0.059,0.48,0.539,2.0,5
0.64,JJA,1991,0.0942,-0.0377,0.023,0.032,0.001,0.056,0.48,0.536,-1.9,6
0.73,JJA,1991,0.1074,-0.043,0.026,0.036,0.001,0.064,0.48,0.544,-2.2,7
0.64,JJA,1991,0.0942,-0.0377,0.023,0.032,0.001,0.056,0.48,0.536,-1.9,8
0.62,SON,1991,0.1642,-0.0657,0.039,0.031,0.002,0.072,0.48,0.552,0.8,9
0.79,SON,1991,0.2092,-0.0837,0.05,0.04,0.003,0.092,0.48,0.572,1.1,10
1.21,SON,1991,0.3205,-0.1282,0.077,0.06,0.004,0.141,0.48,0.621,1.6,11
1.53,DJF,1991,0.9006,-0.3602,0.216,0.077,0.065,0.357,0.48,0.837,3.0,12
1.71,DJF,1992,1.0065,-0.4026,0.242,0.086,0.072,0.4,0.51,0.91,3.4,1
1.63,DJF,1992,0.9594,-0.3838,0.23,0.082,0.069,0.381,0.51,0.891,3.2,2
1.48,MAM,1992,0.4791,-0.1916,0.115,0.074,0.006,0.195,0.51,0.705,6.5,3
1.29,MAM,1992,0.4176,-0.167,0.1,0.065,0.005,0.17,0.51,0.68,5.7,4
1.06,MAM,1992,0.3432,-0.1373,0.082,0.053,0.004,0.139,0.51,0.649,4.7,5
0.73,JJA,1992,0.1074,-0.043,0.026,0.036,0.001,0.064,0.51,0.574,-2.2,6
0.37,JJA,1992,0.0544,-0.0218,0.013,0.018,0.001,0.032,0.51,0.542,-1.1,7
0.09,JJA,1992,0.0132,-0.0053,0.003,0.004,0.0,0.008,0.51,0.518,-0.3,8
-0.13,SON,1992,-0.0344,0.0138,-0.008,-0.007,-0.0,-0.015,0.51,0.495,-0.2,9
-0.25,SON,1992,-0.0662,0.0265,-0.016,-0.013,-0.001,-0.029,0.51,0.481,-0.3,10
-0.28,SON,1992,-0.0742,0.0297,-0.018,-0.014,-0.001,-0.033,0.51,0.477,-0.4,11
-0.13,DJF,1992,-0.0765,0.0306,-0.018,-0.007,-0.006,-0.03,0.51,0.48,-0.3,12
0.09,DJF,1993,0.053,-0.0212,0.013,0.004,0.004,0.021,0.54,0.561,0.2,1
0.3,DJF,1993,0.1766,-0.0706,0.042,0.015,0.013,0.07,0.54,0.61,0.6,2
0.5,MAM,1993,0.1619,-0.0647,0.039,0.025,0.002,0.066,0.54,0.606,2.2,3
0.67,MAM,1993,0.2169,-0.0868,0.052,0.034,0.003,0.088,0.54,0.628,2.9,4
0.7,MAM,1993,0.2266,-0.0906,0.054,0.035,0.003,0.092,0.54,0.632,3.1,5
0.57,JJA,1993,0.0839,-0.0336,0.02,0.028,0.001,0.05,0.54,0.59,-1.7,6
0.32,JJA,1993,0.0471,-0.0188,0.011,0.016,0.001,0.028,0.54,0.568,-1.0,7
0.25,JJA,1993,0.0368,-0.0147,0.009,0.013,0.0,0.022,0.54,0.562,-0.8,8
0.15,SON,1993,0.0397,-0.0159,0.01,0.007,0.0,0.018,0.54,0.558,0.2,9
0.1,SON,1993,0.0265,-0.0106,0.006,0.005,0.0,0.012,0.54,0.552,0.1,10
0.04,SON,1993,0.0106,-0.0042,0.003,0.002,0.0,0.005,0.54,0.545,0.1,11
0.06,DJF,1993,0.0353,-0.0141,0.008,0.003,0.003,0.014,0.54,0.554,0.1,12
0.06,DJF,1994,0.0353,-0.0141,0.008,0.003,0.003,0.014,0.57,0.584,0.1,1
0.07,DJF,1994,0.0412,-0.0165,0.01,0.004,0.003,0.016,0.57,0.586,0.1,2
0.17,MAM,1994,0.055,-0.022,0.013,0.009,0.001,0.022,0.57,0.592,0.7,3
0.31,MAM,1994,0.1004,-0.0401,0.024,0.015,0.001,0.041,0.57,0.611,1.4,4
0.42,MAM,1994,0.136,-0.0544,0.033,0.021,0.002,0.055,0.57,0.625,1.8,5
0.41,JJA,1994,0.0603,-0.0241,0.014,0.021,0.001,0.036,0.57,0.606,-1.2,6
0.44,JJA,1994,0.0647,-0.0259,0.016,0.022,0.001,0.038,0.57,0.608,-1.3,7
0.43,JJA,1994,0.0633,-0.0253,0.015,0.022,0.001,0.037,0.57,0.607,-1.3,8
0.55,SON,1994,0.1457,-0.0583,0.035,0.028,0.002,0.064,0.57,0.634,0.7,9
0.74,SON,1994,0.196,-0.0784,0.047,0.037,0.002,0.086,0.57,0.656,1.0,10
1.01,SON,1994,0.2675,-0.107,0.064,0.051,0.003,0.118,0.57,0.688,1.4,11
1.09,DJF,1994,0.6416,-0.2566,0.154,0.055,0.046,0.255,0.57,0.825,2.2,12
0.96,DJF,1995,0.5651,-0.226,0.136,0.048,0.041,0.224,0.6,0.824,1.9,1
0.72,DJF,1995,0.4238,-0.1695,0.102,0.036,0.031,0.168,0.6,0.768,1.4,2
0.53,MAM,1995,0.1716,-0.0686,0.041,0.027,0.002,0.07,0.6,0.67,2.3,3
0.3,MAM,1995,0.0971,-0.0388,0.023,0.015,0.001,0.039,0.6,0.639,1.3,4
0.14,MAM,1995,0.0453,-0.0181,0.011,0.007,0.001,0.018,0.6,0.618,0.6,5
-0.03,JJA,1995,-0.0044,0.0018,-0.001,-0.002,-0.0,-0.003,0.6,0.597,0.1,6
-0.24,JJA,1995,-0.0353,0.0141,-0.008,-0.012,-0.0,-0.021,0.6,0.579,0.7,7
-0.54,JJA,1995,-0.0795,0.0318,-0.019,-0.027,-0.001,-0.047,0.6,0.553,1.6,8
-0.81,SON,1995,-0.2145,0.0858,-0.051,-0.041,-0.003,-0.095,0.6,0.505,-1.1,9
-0.97,SON,1995,-0.2569,0.1028,-0.062,-0.049,-0.003,-0.113,0.6,0.487,-1.3,10
-1.0,SON,1995,-0.2649,0.1059,-0.064,-0.05,-0.003,-0.117,0.6,0.483,-1.4,11
-0.98,DJF,1995,-0.5768,0.2307,-0.138,-0.049,-0.042,-0.229,0.6,0.371,-1.9,12
-0.9,DJF,1996,-0.5297,0.2119,-0.127,-0.045,-0.038,-0.21,0.63,0.42,-1.8,1
-0.75,DJF,1996,-0.4415,0.1766,-0.106,-0.038,-0.032,-0.175,0.63,0.455,-1.5,2
-0.59,MAM,1996,-0.191,0.0764,-0.046,-0.029,-0.002,-0.078,0.63,0.552,-2.6,3
-0.39,MAM,1996,-0.1263,0.0505,-0.03,-0.02,-0.002,-0.051,0.63,0.579,-1.7,4
-0.31,MAM,1996,-0.1004,0.0401,-0.024,-0.015,-0.001,-0.041,0.63,0.589,-1.4,5
-0.3,JJA,1996,-0.0441,0.0177,-0.011,-0.015,-0.001,-0.026,0.63,0.604,0.9,6
-0.27,JJA,1996,-0.0397,0.0159,-0.01,-0.014,-0.0,-0.024,0.63,0.606,0.8,7
-0.32,JJA,1996,-0.0471,0.0188,-0.011,-0.016,-0.001,-0.028,0.63,0.602,1.0,8
-0.35,SON,1996,-0.0927,0.0371,-0.022,-0.017,-0.001,-0.041,0.63,0.589,-0.5,9
-0.4,SON,1996,-0.1059,0.0424,-0.025,-0.02,-0.001,-0.047,0.63,0.583,-0.5,10
-0.45,SON,1996,-0.1192,0.0477,-0.029,-0.023,-0.001,-0.053,0.63,0.577,-0.6,11
-0.49,DJF,1996,-0.2884,0.1154,-0.069,-0.025,-0.021,-0.114,0.63,0.516,-1.0,12
-0.5,DJF,1997,-0.2943,0.1177,-0.071,-0.025,-0.021,-0.117,0.66,0.543,-1.0,1
-0.36,DJF,1997,-0.2119,0.0848,-0.051,-0.018,-0.015,-0.084,0.66,0.576,-0.7,2
-0.1,MAM,1997,-0.0324,0.0129,-0.008,-0.005,-0.0,-0.013,0.66,0.647,-0.4,3
0.28,MAM,1997,0.0906,-0.0363,0.022,0.014,0.001,0.037,0.66,0.697,1.2,4
0.75,MAM,1997,0.2428,-0.0971,0.058,0.038,0.003,0.099,0.66,0.759,3.3,5
1.22,JJA,1997,0.1795,-0.0718,0.043,0.061,0.002,0.106,0.66,0.766,-3.7,6
1.6,JJA,1997,0.2354,-0.0942,0.057,0.08,0.003,0.139,0.66,0.799,-4.8,7
1.9,JJA,1997,0.2796,-0.1118,0.067,0.095,0.003,0.165,0.66,0.825,-5.7,8
2.14,SON,1997,0.5668,-0.2267,0.136,0.107,0.007,0.25,0.66,0.91,2.9,9
2.33,SON,1997,0.6172,-0.2469,0.148,0.117,0.007,0.272,0.66,0.932,3.1,10
2.4,SON,1997,0.6357,-0.2543,0.153,0.12,0.008,0.28,0.66,0.94,3.2,11
2.39,DJF,1997,1.4068,-0.5627,0.338,0.12,0.101,0.558,0.66,1.218,4.7,12
2.24,DJF,1998,1.3185,-0.5274,0.316,0.112,0.095,0.523,0.69,1.213,4.4,1
1.93,DJF,1998,1.136,-0.4544,0.273,0.097,0.082,0.451,0.69,1.141,3.8,2
1.44,MAM,1998,0.4662,-0.1865,0.112,0.072,0.006,0.189,0.69,0.879,6.3,3
0.99,MAM,1998,0.3205,-0.1282,0.077,0.05,0.004,0.13,0.69,0.82,4.4,4
0.45,MAM,1998,0.1457,-0.0583,0.035,0.023,0.002,0.059,0.69,0.749,2.0,5
-0.13,JJA,1998,-0.0191,0.0077,-0.005,-0.007,-0.0,-0.011,0.69,0.679,0.4,6
-0.78,JJA,1998,-0.1148,0.0459,-0.028,-0.039,-0.001,-0.068,0.69,0.622,2.3,7
-1.12,JJA,1998,-0.1648,0.0659,-0.04,-0.056,-0.002,-0.098,0.69,0.592,3.4,8
-1.31,SON,1998,-0.347,0.1388,-0.083,-0.066,-0.004,-0.153,0.69,0.537,-1.8,9
-1.35,SON,1998,-0.3576,0.143,-0.086,-0.068,-0.004,-0.158,0.69,0.532,-1.8,10
-1.48,SON,1998,-0.392,0.1568,-0.094,-0.074,-0.005,-0.173,0.69,0.517,-2.0,11
-1.57,DJF,1998,-0.9241,0.3696,-0.222,-0.079,-0.067,-0.367,0.69,0.323,-3.1,12
-1.55,DJF,1999,-0.9123,0.3649,-0.219,-0.078,-0.066,-0.362,0.72,0.358,-3.1,1
-1.3,DJF,1999,-0.7652,0.3061,-0.184,-0.065,-0.055,-0.304,0.72,0.416,-2.6,2
-1.07,MAM,1999,-0.3464,0.1386,-0.083,-0.054,-0.004,-0.141,0.72,0.579,-4.7,3
-0.98,MAM,1999,-0.3173,0.1269,-0.076,-0.049,-0.004,-0.129,0.72,0.591,-4.3,4
-1.02,MAM,1999,-0.3302,0.1321,-0.079,-0.051,-0.004,-0.134,0.72,0.586,-4.5,5
-1.04,JJA,1999,-0.153,0.0612,-0.037,-0.052,-0.002,-0.091,0.72,0.629,3.1,6
-1.1,JJA,1999,-0.1619,0.0647,-0.039,-0.055,-0.002,-0.096,0.72,0.624,3.3,7
-1.11,JJA,1999,-0.1633,0.0653,-0.039,-0.056,-0.002,-0.097,0.72,0.623,3.3,8
-1.16,SON,1999,-0.3073,0.1229,-0.074,-0.058,-0.004,-0.135,0.72,0.585,-1.6,9
-1.26,SON,1999,-0.3337,0.1335,-0.08,-0.063,-0.004,-0.147,0.72,0.573,-1.7,10
-1.46,SON,1999,-0.3867,0.1547,-0.093,-0.073,-0.005,-0.17,0.72,0.55,-2.0,11
-1.65,DJF,1999,-0.9712,0.3885,-0.233,-0.083,-0.07,-0.386,0.72,0.334,-3.3,12
-1.66,DJF,2000,-0.9771,0.3908,-0.235,-0.083,-0.07,-0.388,0.75,0.362,-3.3,1
-1.41,DJF,2000,-0.8299,0.332,-0.199,-0.07,-0.06,-0.329,0.75,0.421,-2.8,2
-1.07,MAM,2000,-0.3464,0.1386,-0.083,-0.054,-0.004,-0.141,0.75,0.609,-4.7,3
-0.81,MAM,2000,-0.2622,0.1049,-0.063,-0.041,-0.003,-0.107,0.75,0.643,-3.6,4
-0.71,MAM,2000,-0.2299,0.0919,-0.055,-0.035,-0.003,-0.093,0.75,0.657,-3.1,5
-0.64,JJA,2000,-0.0942,0.0377,-0.023,-0.032,-0.001,-0.056,0.75,0.694,1.9,6
-0.55,JJA,2000,-0.0809,0.0324,-0.019,-0.028,-0.001,-0.048,0.75,0.702,1.7,7
-0.51,JJA,2000,-0.075,0.03,-0.018,-0.026,-0.001,-0.044,0.75,0.706,1.5,8
-0.55,SON,2000,-0.1457,0.0583,-0.035,-0.028,-0.002,-0.064,0.75,0.686,-0.7,9
-0.63,SON,2000,-0.1669,0.0667,-0.04,-0.032,-0.002,-0.074,0.75,0.676,-0.9,10
-0.75,SON,2000,-0.1987,0.0795,-0.048,-0.038,-0.002,-0.088,0.75,0.662,-1.0,11
-0.74,DJF,2000,-0.4356,0.1742,-0.105,-0.037,-0.031,-0.173,0.75,0.577,-1.5,12
-0.68,DJF,2001,-0.4003,0.1601,-0.096,-0.034,-0.029,-0.159,0.78,0.621,-1.4,1
-0.52,DJF,2001,-0.3061,0.1224,-0.073,-0.026,-0.022,-0.121,0.78,0.659,-1.0,2
-0.44,MAM,2001,-0.1424,0.057,-0.034,-0.022,-0.002,-0.058,0.78,0.722,-1.9,3
-0.34,MAM,2001,-0.1101,0.044,-0.026,-0.017,-0.001,-0.045,0.78,0.735,-1.5,4
-0.25,MAM,2001,-0.0809,0.0324,-0.019,-0.013,-0.001,-0.033,0.78,0.747,-1.1,5
-0.12,JJA,2001,-0.0177,0.0071,-0.004,-0.006,-0.0,-0.01,0.78,0.77,0.4,6
-0.08,JJA,2001,-0.0118,0.0047,-0.003,-0.004,-0.0,-0.007,0.78,0.773,0.2,7
-0.13,JJA,2001,-0.0191,0.0077,-0.005,-0.007,-0.0,-0.011,0.78,0.769,0.4,8
-0.19,SON,2001,-0.0503,0.0201,-0.012,-0.01,-0.001,-0.022,0.78,0.758,-0.3,9
-0.29,SON,2001,-0.0768,0.0307,-0.018,-0.014,-0.001,-0.034,0.78,0.746,-0.4,10
-0.35,SON,2001,-0.0927,0.0371,-0.022,-0.017,-0.001,-0.041,0.78,0.739,-0.5,11
-0.31,DJF,2001,-0.1825,0.073,-0.044,-0.015,-0.013,-0.072,0.78,0.708,-0.6,12
-0.15,DJF,2002,-0.0883,0.0353,-0.021,-0.007,-0.006,-0.035,0.81,0.775,-0.3,1
0.03,DJF,2002,0.0177,-0.0071,0.004,0.002,0.001,0.007,0.81,0.817,0.1,2
0.09,MAM,2002,0.0291,-0.0117,0.007,0.004,0.0,0.012,0.81,0.822,0.4,3
0.2,MAM,2002,0.0647,-0.0259,0.016,0.01,0.001,0.026,0.81,0.836,0.9,4
0.43,MAM,2002,0.1392,-0.0557,0.033,0.022,0.002,0.057,0.81,0.867,1.9,5
0.65,JJA,2002,0.0956,-0.0383,0.023,0.033,0.001,0.057,0.81,0.867,-2.0,6
0.79,JJA,2002,0.1162,-0.0465,0.028,0.04,0.001,0.069,0.81,0.879,-2.4,7
0.86,JJA,2002,0.1266,-0.0506,0.03,0.043,0.002,0.075,0.81,0.885,-2.6,8
1.01,SON,2002,0.2675,-0.107,0.064,0.051,0.003,0.118,0.81,0.928,1.4,9
1.21,SON,2002,0.3205,-0.1282,0.077,0.06,0.004,0.141,0.81,0.951,1.6,10
1.31,SON,2002,0.347,-0.1388,0.083,0.066,0.004,0.153,0.81,0.963,1.8,11
1.14,DJF,2002,0.671,-0.2684,0.161,0.057,0.048,0.266,0.81,1.076,2.3,12
0.92,DJF,2003,0.5415,-0.2166,0.13,0.046,0.039,0.215,0.84,1.055,1.8,1
0.63,DJF,2003,0.3708,-0.1483,0.089,0.032,0.027,0.147,0.84,0.987,1.3,2
0.38,MAM,2003,0.123,-0.0492,0.03,0.019,0.001,0.05,0.84,0.89,1.7,3
-0.04,MAM,2003,-0.0129,0.0052,-0.003,-0.002,-0.0,-0.005,0.84,0.835,-0.2,4
-0.26,MAM,2003,-0.0842,0.0337,-0.02,-0.013,-0.001,-0.034,0.84,0.806,-1.1,5
-0.16,JJA,2003,-0.0235,0.0094,-0.006,-0.008,-0.0,-0.014,0.84,0.826,0.5,6
0.08,JJA,2003,0.0118,-0.0047,0.003,0.004,0.0,0.007,0.84,0.847,-0.2,7
0.21,JJA,2003,0.0309,-0.0124,0.007,0.011,0.0,0.018,0.84,0.858,-0.6,8
0.26,SON,2003,0.0689,-0.0275,0.017,0.013,0.001,0.03,0.84,0.87,0.4,9
0.29,SON,2003,0.0768,-0.0307,0.018,0.014,0.001,0.034,0.84,0.874,0.4,10
0.35,SON,2003,0.0927,-0.0371,0.022,0.017,0.001,0.041,0.84,0.881,0.5,11
0.35,DJF,2003,0.206,-0.0824,0.049,0.017,0.015,0.082,0.84,0.922,0.7,12
0.37,DJF,2004,0.2178,-0.0871,0.052,0.018,0.016,0.086,0.87,0.956,0.7,1
0.31,DJF,2004,0.1825,-0.073,0.044,0.015,0.013,0.072,0.87,0.942,0.6,2
0.23,MAM,2004,0.0745,-0.0298,0.018,0.012,0.001,0.03,0.87,0.9,1.0,3
0.17,MAM,2004,0.055,-0.022,0.013,0.009,0.001,0.022,0.87,0.892,0.7,4
0.17,MAM,2004,0.055,-0.022,0.013,0.009,0.001,0.022,0.87,0.892,0.7,5
0.28,JJA,2004,0.0412,-0.0165,0.01,0.014,0.0,0.024,0.87,0.894,-0.8,6
0.47,JJA,2004,0.0692,-0.0277,0.017,0.024,0.001,0.041,0.87,0.911,-1.4,7
0.64,JJA,2004,0.0942,-0.0377,0.023,0.032,0.001,0.056,0.87,0.926,-1.9,8
0.7,SON,2004,0.1854,-0.0742,0.044,0.035,0.002,0.082,0.87,0.952,0.9,9
0.67,SON,2004,0.1775,-0.071,0.043,0.034,0.002,0.078,0.87,0.948,0.9,10
0.66,SON,2004,0.1748,-0.0699,0.042,0.033,0.002,0.077,0.87,0.947,0.9,11
0.69,DJF,2004,0.4061,-0.1625,0.097,0.034,0.029,0.161,0.87,1.031,1.4,12
0.64,DJF,2005,0.3767,-0.1507,0.09,0.032,0.027,0.15,0.9,1.05,1.3,1
0.58,DJF,2005,0.3414,-0.1366,0.082,0.029,0.025,0.136,0.9,1.036,1.2,2
0.45,MAM,2005,0.1457,-0.0583,0.035,0.023,0.002,0.059,0.9,0.959,2.0,3
0.43,MAM,2005,0.1392,-0.0557,0.033,0.022,0.002,0.057,0.9,0.957,1.9,4
0.29,MAM,2005,0.0939,-0.0376,0.023,0.014,0.001,0.038,0.9,0.938,1.3,5
0.11,JJA,2005,0.0162,-0.0065,0.004,0.006,0.0,0.01,0.9,0.91,-0.3,6
-0.06,JJA,2005,-0.0088,0.0035,-0.002,-0.003,-0.0,-0.005,0.9,0.895,0.2,7
-0.14,JJA,2005,-0.0206,0.0082,-0.005,-0.007,-0.0,-0.012,0.9,0.888,0.4,8
-0.11,SON,2005,-0.0291,0.0117,-0.007,-0.006,-0.0,-0.013,0.9,0.887,-0.1,9
-0.29,SON,2005,-0.0768,0.0307,-0.018,-0.014,-0.001,-0.034,0.9,0.866,-0.4,10
-0.57,SON,2005,-0.151,0.0604,-0.036,-0.028,-0.002,-0.067,0.9,0.833,-0.8,11
-0.84,DJF,2005,-0.4944,0.1978,-0.119,-0.042,-0.036,-0.196,0.9,0.704,-1.7,12
-0.85,DJF,2006,-0.5003,0.2001,-0.12,-0.043,-0.036,-0.199,0.93,0.731,-1.7,1
-0.77,DJF,2006,-0.4532,0.1813,-0.109,-0.039,-0.033,-0.18,0.93,0.75,-1.5,2
-0.57,MAM,2006,-0.1845,0.0738,-0.044,-0.028,-0.002,-0.075,0.93,0.855,-2.5,3
-0.37,MAM,2006,-0.1198,0.0479,-0.029,-0.018,-0.001,-0.049,0.93,0.881,-1.6,4
-0.14,MAM,2006,-0.0453,0.0181,-0.011,-0.007,-0.001,-0.018,0.93,0.912,-0.6,5
-0.03,JJA,2006,-0.0044,0.0018,-0.001,-0.002,-0.0,-0.003,0.93,0.927,0.1,6
0.1,JJA,2006,0.0147,-0.0059,0.004,0.005,0.0,0.009,0.93,0.939,-0.3,7
0.3,JJA,2006,0.0441,-0.0177,0.011,0.015,0.001,0.026,0.93,0.956,-0.9,8
0.54,SON,2006,0.143,-0.0572,0.034,0.027,0.002,0.063,0.93,0.993,0.7,9
0.77,SON,2006,0.204,-0.0816,0.049,0.039,0.002,0.09,0.93,1.02,1.0,10
0.94,SON,2006,0.249,-0.0996,0.06,0.047,0.003,0.11,0.93,1.04,1.3,11
0.94,DJF,2006,0.5533,-0.2213,0.133,0.047,0.04,0.22,0.93,1.15,1.9,12
0.66,DJF,2007,0.3885,-0.1554,0.093,0.033,0.028,0.154,0.96,1.114,1.3,1
0.22,DJF,2007,0.1295,-0.0518,0.031,0.011,0.009,0.051,0.96,1.011,0.4,2
-0.12,MAM,2007,-0.0388,0.0155,-0.009,-0.006,-0.0,-0.016,0.96,0.944,-0.5,3
-0.32,MAM,2007,-0.1036,0.0414,-0.025,-0.016,-0.001,-0.042,0.96,0.918,-1.4,4
-0.38,MAM,2007,-0.123,0.0492,-0.03,-0.019,-0.001,-0.05,0.96,0.91,-1.7,5
-0.47,JJA,2007,-0.0692,0.0277,-0.017,-0.024,-0.001,-0.041,0.96,0.919,1.4,6
-0.56,JJA,2007,-0.0824,0.033,-0.02,-0.028,-0.001,-0.049,0.96,0.911,1.7,7
-0.81,JJA,2007,-0.1192,0.0477,-0.029,-0.041,-0.001,-0.071,0.96,0.889,2.4,8
-1.07,SON,2007,-0.2834,0.1134,-0.068,-0.054,-0.003,-0.125,0.96,0.835,-1.4,9
-1.34,SON,2007,-0.3549,0.142,-0.085,-0.067,-0.004,-0.156,0.96,0.804,-1.8,10
-1.5,SON,2007,-0.3973,0.1589,-0.095,-0.075,-0.005,-0.175,0.96,0.785,-2.0,11
-1.6,DJF,2007,-0.9418,0.3767,-0.226,-0.08,-0.068,-0.374,0.96,0.586,-3.2,12
-1.64,DJF,2008,-0.9653,0.3861,-0.232,-0.082,-0.07,-0.383,0.99,0.607,-3.3,1
-1.52,DJF,2008,-0.8947,0.3579,-0.215,-0.076,-0.064,-0.355,0.99,0.635,-3.0,2
-1.29,MAM,2008,-0.4176,0.167,-0.1,-0.065,-0.005,-0.17,0.99,0.82,-5.7,3
-1.01,MAM,2008,-0.327,0.1308,-0.078,-0.051,-0.004,-0.133,0.99,0.857,-4.4,4
-0.84,MAM,2008,-0.2719,0.1088,-0.065,-0.042,-0.003,-0.111,0.99,0.879,-3.7,5
-0.61,JJA,2008,-0.0898,0.0359,-0.022,-0.03,-0.001,-0.053,0.99,0.937,1.8,6
-0.37,JJA,2008,-0.0544,0.0218,-0.013,-0.018,-0.001,-0.032,0.99,0.958,1.1,7
-0.23,JJA,2008,-0.0338,0.0135,-0.008,-0.012,-0.0,-0.02,0.99,0.97,0.7,8
-0.24,SON,2008,-0.0636,0.0254,-0.015,-0.012,-0.001,-0.028,0.99,0.962,-0.3,9
-0.35,SON,2008,-0.0927,0.0371,-0.022,-0.017,-0.001,-0.041,0.99,0.949,-0.5,10
-0.55,SON,2008,-0.1457,0.0583,-0.035,-0.028,-0.002,-0.064,0.99,0.926,-0.7,11
-0.73,DJF,2008,-0.4297,0.1719,-0.103,-0.036,-0.031,-0.171,0.99,0.819,-1.4,12
-0.85,DJF,2009,-0.5003,0.2001,-0.12,-0.043,-0.036,-0.199,1.02,0.821,-1.7,1
-0.79,DJF,2009,-0.465,0.186,-0.112,-0.04,-0.033,-0.185,1.02,0.835,-1.6,2
-0.61,MAM,2009,-0.1975,0.079,-0.047,-0.03,-0.002,-0.08,1.02,0.94,-2.7,3
-0.33,MAM,2009,-0.1068,0.0427,-0.026,-0.017,-0.001,-0.043,1.02,0.977,-1.5,4
0.01,MAM,2009,0.0032,-0.0013,0.001,0.001,0.0,0.001,1.02,1.021,0.0,5
0.28,JJA,2009,0.0412,-0.0165,0.01,0.014,0.0,0.024,1.02,1.044,-0.8,6
0.45,JJA,2009,0.0662,-0.0265,0.016,0.023,0.001,0.039,1.02,1.059,-1.4,7
0.58,JJA,2009,0.0853,-0.0341,0.02,0.029,0.001,0.051,1.02,1.071,-1.7,8
0.71,SON,2009,0.1881,-0.0752,0.045,0.035,0.002,0.083,1.02,1.103,1.0,9
1.01,SON,2009,0.2675,-0.107,0.064,0.051,0.003,0.118,1.02,1.138,1.4,10
1.36,SON,2009,0.3602,-0.1441,0.086,0.068,0.004,0.159,1.02,1.179,1.8,11
1.56,DJF,2009,0.9182,-0.3673,0.22,0.078,0.066,0.364,1.02,1.384,3.1,12
1.5,DJF,2010,0.8829,-0.3532,0.212,0.075,0.064,0.35,1.05,1.4,3.0,1
1.22,DJF,2010,0.7181,-0.2872,0.172,0.061,0.052,0.285,1.05,1.335,2.4,2
0.84,MAM,2010,0.2719,-0.1088,0.065,0.042,0.003,0.111,1.05,1.161,3.7,3
0.35,MAM,2010,0.1133,-0.0453,0.027,0.017,0.001,0.046,1.05,1.096,1.5,4
-0.17,MAM,2010,-0.055,0.022,-0.013,-0.009,-0.001,-0.022,1.05,1.028,-0.7,5
-0.66,JJA,2010,-0.0971,0.0388,-0.023,-0.033,-0.001,-0.057,1.05,0.993,2.0,6
-1.05,JJA,2010,-0.1545,0.0618,-0.037,-0.053,-0.002,-0.091,1.05,0.959,3.2,7
-1.35,JJA,2010,-0.1987,0.0795,-0.048,-0.068,-0.002,-0.118,1.05,0.932,4.1,8
-1.56,SON,2010,-0.4132,0.1653,-0.099,-0.078,-0.005,-0.182,1.05,0.868,-2.1,9
-1.64,SON,2010,-0.4344,0.1738,-0.104,-0.082,-0.005,-0.191,1.05,0.859,-2.2,10
-1.64,SON,2010,-0.4344,0.1738,-0.104,-0.082,-0.005,-0.191,1.05,0.859,-2.2,11
-1.54,DJF,2010,-0.9065,0.3626,-0.218,-0.077,-0.065,-0.36,1.05,0.69,-3.1,12
-1.31,DJF,2011,-0.7711,0.3084,-0.185,-0.066,-0.056,-0.306,1.08,0.774,-2.6,1
-1.04,DJF,2011,-0.6121,0.2449,-0.147,-0.052,-0.044,-0.243,1.08,0.837,-2.1,2
-0.8,MAM,2011,-0.259,0.1036,-0.062,-0.04,-0.003,-0.105,1.08,0.975,-3.5,3
-0.62,MAM,2011,-0.2007,0.0803,-0.048,-0.031,-0.002,-0.082,1.08,0.998,-2.7,4
-0.46,MAM,2011,-0.1489,0.0596,-0.036,-0.023,-0.002,-0.061,1.08,1.019,-2.0,5
-0.37,JJA,2011,-0.0544,0.0218,-0.013,-0.018,-0.001,-0.032,1.08,1.048,1.1,6
-0.43,JJA,2011,-0.0633,0.0253,-0.015,-0.022,-0.001,-0.037,1.08,1.043,1.3,7
-0.58,JJA,2011,-0.0853,0.0341,-0.02,-0.029,-0.001,-0.051,1.08,1.029,1.7,8
-0.79,SON,2011,-0.2092,0.0837,-0.05,-0.04,-0.003,-0.092,1.08,0.988,-1.1,9
-0.96,SON,2011,-0.2543,0.1017,-0.061,-0.048,-0.003,-0.112,1.08,0.968,-1.3,10
-1.02,SON,2011,-0.2702,0.1081,-0.065,-0.051,-0.003,-0.119,1.08,0.961,-1.4,11
-0.92,DJF,2011,-0.5415,0.2166,-0.13,-0.046,-0.039,-0.215,1.08,0.865,-1.8,12
-0.72,DJF,2012,-0.4238,0.1695,-0.102,-0.036,-0.031,-0.168,1.11,0.942,-1.4,1
-0.57,DJF,2012,-0.3355,0.1342,-0.081,-0.028,-0.024,-0.133,1.11,0.977,-1.1,2
-0.46,MAM,2012,-0.1489,0.0596,-0.036,-0.023,-0.002,-0.061,1.11,1.049,-2.0,3
-0.36,MAM,2012,-0.1165,0.0466,-0.028,-0.018,-0.001,-0.047,1.11,1.063,-1.6,4
-0.17,MAM,2012,-0.055,0.022,-0.013,-0.009,-0.001,-0.022,1.11,1.088,-0.7,5
0.06,JJA,2012,0.0088,-0.0035,0.002,0.003,0.0,0.005,1.11,1.115,-0.2,6
0.3,JJA,2012,0.0441,-0.0177,0.011,0.015,0.001,0.026,1.11,1.136,-0.9,7
0.41,JJA,2012,0.0603,-0.0241,0.014,0.021,0.001,0.036,1.11,1.146,-1.2,8
0.41,SON,2012,0.1086,-0.0434,0.026,0.021,0.001,0.048,1.11,1.158,0.6,9
0.31,SON,2012,0.0821,-0.0328,0.02,0.015,0.001,0.036,1.11,1.146,0.4,10
0.13,SON,2012,0.0344,-0.0138,0.008,0.007,0.0,0.015,1.11,1.125,0.2,11
-0.1,DJF,2012,-0.0589,0.0235,-0.014,-0.005,-0.004,-0.023,1.11,1.087,-0.2,12
-0.29,DJF,2013,-0.1707,0.0683,-0.041,-0.014,-0.012,-0.068,1.14,1.072,-0.6,1
-0.29,DJF,2013,-0.1707,0.0683,-0.041,-0.014,-0.012,-0.068,1.14,1.072,-0.6,2
-0.21,MAM,2013,-0.068,0.0272,-0.016,-0.011,-0.001,-0.028,1.14,1.112,-0.9,3
-0.19,MAM,2013,-0.0615,0.0246,-0.015,-0.01,-0.001,-0.025,1.14,1.115,-0.8,4
-0.27,MAM,2013,-0.0874,0.035,-0.021,-0.014,-0.001,-0.036,1.14,1.104,-1.2,5
-0.34,JJA,2013,-0.05,0.02,-0.012,-0.017,-0.001,-0.03,1.14,1.11,1.0,6
-0.35,JJA,2013,-0.0515,0.0206,-0.012,-0.017,-0.001,-0.03,1.14,1.11,1.0,7
-0.28,JJA,2013,-0.0412,0.0165,-0.01,-0.014,-0.0,-0.024,1.14,1.116,0.8,8
-0.21,SON,2013,-0.0556,0.0222,-0.013,-0.011,-0.001,-0.025,1.14,1.115,-0.3,9
-0.13,SON,2013,-0.0344,0.0138,-0.008,-0.007,-0.0,-0.015,1.14,1.125,-0.2,10
-0.1,SON,2013,-0.0265,0.0106,-0.006,-0.005,-0.0,-0.012,1.14,1.128,-0.1,11
-0.15,DJF,2013,-0.0883,0.0353,-0.021,-0.007,-0.006,-0.035,1.14,1.105,-0.3,12
-0.28,DJF,2014,-0.1648,0.0659,-0.04,-0.014,-0.012,-0.065,1.17,1.105,-0.6,1
-0.32,DJF,2014,-0.1884,0.0753,-0.045,-0.016,-0.014,-0.075,1.17,1.095,-0.6,2
-0.14,MAM,2014,-0.0453,0.0181,-0.011,-0.007,-0.001,-0.018,1.17,1.152,-0.6,3
0.15,MAM,2014,0.0486,-0.0194,0.012,0.007,0.001,0.02,1.17,1.19,0.7,4
0.31,MAM,2014,0.1004,-0.0401,0.024,0.015,0.001,0.041,1.17,1.211,1.4,5
0.23,JJA,2014,0.0338,-0.0135,0.008,0.012,0.0,0.02,1.17,1.19,-0.7,6
0.1,JJA,2014,0.0147,-0.0059,0.004,0.005,0.0,0.009,1.17,1.179,-0.3,7
0.11,JJA,2014,0.0162,-0.0065,0.004,0.006,0.0,0.01,1.17,1.18,-0.3,8
0.28,SON,2014,0.0742,-0.0297,0.018,0.014,0.001,0.033,1.17,1.203,0.4,9
0.54,SON,2014,0.143,-0.0572,0.034,0.027,0.002,0.063,1.17,1.233,0.7,10
0.71,SON,2014,0.1881,-0.0752,0.045,0.035,0.002,0.083,1.17,1.253,1.0,11
0.77,DJF,2014,0.4532,-0.1813,0.109,0.039,0.033,0.18,1.17,1.35,1.5,12
0.69,DJF,2015,0.4061,-0.1625,0.097,0.034,0.029,0.161,1.2,1.361,1.4,1
0.61,DJF,2015,0.359,-0.1436,0.086,0.03,0.026,0.143,1.2,1.343,1.2,2
0.65,MAM,2015,0.2104,-0.0842,0.051,0.033,0.003,0.086,1.2,1.286,2.9,3
0.81,MAM,2015,0.2622,-0.1049,0.063,0.041,0.003,0.107,1.2,1.307,3.6,4
1.02,MAM,2015,0.3302,-0.1321,0.079,0.051,0.004,0.134,1.2,1.334,4.5,5
1.25,JJA,2015,0.1839,-0.0736,0.044,0.062,0.002,0.109,1.2,1.309,-3.8,6
1.57,JJA,2015,0.231,-0.0924,0.055,0.079,0.003,0.137,1.2,1.337,-4.7,7
1.91,JJA,2015,0.2811,-0.1124,0.067,0.096,0.003,0.166,1.2,1.366,-5.7,8
2.21,SON,2015,0.5854,-0.2341,0.14,0.111,0.007,0.258,1.2,1.458,3.0,9
2.47,SON,2015,0.6542,-0.2617,0.157,0.124,0.008,0.288,1.2,1.488,3.3,10
2.64,SON,2015,0.6993,-0.2797,0.168,0.132,0.008,0.308,1.2,1.508,3.6,11
2.75,DJF,2015,1.6187,-0.6475,0.388,0.138,0.117,0.643,1.2,1.843,5.5,12
2.63,DJF,2016,1.548,-0.6192,0.372,0.132,0.111,0.614,1.23,1.844,5.2,1
2.28,DJF,2016,1.342,-0.5368,0.322,0.114,0.097,0.533,1.23,1.763,4.5,2
1.71,MAM,2016,0.5536,-0.2214,0.133,0.086,0.007,0.225,1.23,1.455,7.5,3
1.05,MAM,2016,0.3399,-0.136,0.082,0.053,0.004,0.138,1.23,1.368,4.6,4
0.49,MAM,2016,0.1586,-0.0635,0.038,0.025,0.002,0.064,1.23,1.294,2.2,5
0.0,JJA,2016,0.0,-0.0,0.0,0.0,0.0,0.0,1.23,1.23,-0.0,6
-0.31,JJA,2016,-0.0456,0.0182,-0.011,-0.015,-0.001,-0.027,1.23,1.203,0.9,7
-0.5,JJA,2016,-0.0736,0.0294,-0.018,-0.025,-0.001,-0.044,1.23,1.186,1.5,8
-0.58,SON,2016,-0.1536,0.0615,-0.037,-0.029,-0.002,-0.068,1.23,1.162,-0.8,9
-0.64,SON,2016,-0.1695,0.0678,-0.041,-0.032,-0.002,-0.075,1.23,1.155,-0.9,10
-0.6,SON,2016,-0.1589,0.0636,-0.038,-0.03,-0.002,-0.07,1.23,1.16,-0.8,11
-0.45,DJF,2016,-0.2649,0.1059,-0.064,-0.023,-0.019,-0.105,1.23,1.125,-0.9,12
-0.19,DJF,2017,-0.1118,0.0447,-0.027,-0.01,-0.008,-0.044,1.26,1.216,-0.4,1
-0.02,DJF,2017,-0.0118,0.0047,-0.003,-0.001,-0.001,-0.005,1.26,1.255,-0.0,2
0.18,MAM,2017,0.0583,-0.0233,0.014,0.009,0.001,0.024,1.26,1.284,0.8,3
0.31,MAM,2017,0.1004,-0.0401,0.024,0.015,0.001,0.041,1.26,1.301,1.4,4
0.4,MAM,2017,0.1295,-0.0518,0.031,0.02,0.002,0.053,1.26,1.313,1.8,5
0.39,JJA,2017,0.0574,-0.023,0.014,0.02,0.001,0.034,1.26,1.294,-1.2,6
0.19,JJA,2017,0.028,-0.0112,0.007,0.01,0.0,0.017,1.26,1.277,-0.6,7
-0.07,JJA,2017,-0.0103,0.0041,-0.002,-0.004,-0.0,-0.006,1.26,1.254,0.2,8
-0.34,SON,2017,-0.0901,0.036,-0.022,-0.017,-0.001,-0.04,1.26,1.22,-0.5,9
-0.6,SON,2017,-0.1589,0.0636,-0.038,-0.03,-0.002,-0.07,1.26,1.19,-0.8,10
-0.77,SON,2017,-0.204,0.0816,-0.049,-0.039,-0.002,-0.09,1.26,1.17,-1.0,11
-0.86,DJF,2017,-0.5062,0.2025,-0.121,-0.043,-0.036,-0.201,1.26,1.059,-1.7,12
-0.77,DJF,2018,-0.4532,0.1813,-0.109,-0.039,-0.033,-0.18,1.29,1.11,-1.5,1
-0.71,DJF,2018,-0.4179,0.1672,-0.1,-0.035,-0.03,-0.166,1.29,1.124,-1.4,2
-0.57,MAM,2018,-0.1845,0.0738,-0.044,-0.028,-0.002,-0.075,1.29,1.215,-2.5,3
-0.39,MAM,2018,-0.1263,0.0505,-0.03,-0.02,-0.002,-0.051,1.29,1.239,-1.7,4
-0.13,MAM,2018,-0.0421,0.0168,-0.01,-0.007,-0.001,-0.017,1.29,1.273,-0.6,5
0.06,JJA,2018,0.0088,-0.0035,0.002,0.003,0.0,0.005,1.29,1.295,-0.2,6
0.14,JJA,2018,0.0206,-0.0082,0.005,0.007,0.0,0.012,1.29,1.302,-0.4,7
0.27,JJA,2018,0.0397,-0.0159,0.01,0.014,0.0,0.024,1.29,1.314,-0.8,8
0.53,SON,2018,0.1404,-0.0562,0.034,0.027,0.002,0.062,1.29,1.352,0.7,9
0.81,SON,2018,0.2145,-0.0858,0.051,0.041,0.003,0.095,1.29,1.385,1.1,10
0.97,SON,2018,0.2569,-0.1028,0.062,0.049,0.003,0.113,1.29,1.403,1.3,11
0.92,DJF,2018,0.5415,-0.2166,0.13,0.046,0.039,0.215,1.29,1.505,1.8,12
0.89,DJF,2019,0.5239,-0.2095,0.126,0.045,0.038,0.208,1.32,1.528,1.8,1
0.86,DJF,2019,0.5062,-0.2025,0.121,0.043,0.036,0.201,1.32,1.521,1.7,2
0.84,MAM,2019,0.2719,-0.1088,0.065,0.042,0.003,0.111,1.32,1.431,3.7,3
0.77,MAM,2019,0.2493,-0.0997,0.06,0.039,0.003,0.101,1.32,1.421,3.4,4
0.64,MAM,2019,0.2072,-0.0829,0.05,0.032,0.002,0.084,1.32,1.404,2.8,5
0.52,JJA,2019,0.0765,-0.0306,0.018,0.026,0.001,0.045,1.32,1.365,-1.6,6
0.33,JJA,2019,0.0486,-0.0194,0.012,0.017,0.001,0.029,1.32,1.349,-1.0,7
0.19,JJA,2019,0.028,-0.0112,0.007,0.01,0.0,0.017,1.32,1.337,-0.6,8
0.23,SON,2019,0.0609,-0.0244,0.015,0.012,0.001,0.027,1.32,1.347,0.3,9
0.39,SON,2019,0.1033,-0.0413,0.025,0.02,0.001,0.046,1.32,1.366,0.5,10
0.58,SON,2019,0.1536,-0.0615,0.037,0.029,0.002,0.068,1.32,1.388,0.8,11
0.66,DJF,2019,0.3885,-0.1554,0.093,0.033,0.028,0.154,1.32,1.474,1.3,12
0.64,DJF,2020,0.3767,-0.1507,0.09,0.032,0.027,0.15,1.35,1.5,1.3,1
0.63,DJF,2020,0.3708,-0.1483,0.089,0.032,0.027,0.147,1.35,1.497,1.3,2
0.53,MAM,2020,0.1716,-0.0686,0.041,0.027,0.002,0.07,1.35,1.42,2.3,3
0.3,MAM,2020,0.0971,-0.0388,0.023,0.015,0.001,0.039,1.35,1.389,1.3,4
0.01,MAM,2020,0.0032,-0.0013,0.001,0.001,0.0,0.001,1.35,1.351,0.0,5
-0.23,JJA,2020,-0.0338,0.0135,-0.008,-0.012,-0.0,-0.02,1.35,1.33,0.7,6
-0.36,JJA,2020,-0.053,0.0212,-0.013,-0.018,-0.001,-0.031,1.35,1.319,1.1,7
-0.53,JJA,2020,-0.078,0.0312,-0.019,-0.027,-0.001,-0.046,1.35,1.304,1.6,8
-0.85,SON,2020,-0.2251,0.0901,-0.054,-0.043,-0.003,-0.099,1.35,1.251,-1.1,9
-1.12,SON,2020,-0.2967,0.1187,-0.071,-0.056,-0.004,-0.131,1.35,1.219,-1.5,10
-1.2,SON,2020,-0.3178,0.1271,-0.076,-0.06,-0.004,-0.14,1.35,1.21,-1.6,11
-1.08,DJF,2020,-0.6357,0.2543,-0.153,-0.054,-0.046,-0.252,1.35,1.098,-2.1,12
-0.91,DJF,2021,-0.5356,0.2143,-0.129,-0.046,-0.039,-0.213,1.38,1.167,-1.8,1
-0.79,DJF,2021,-0.465,0.186,-0.112,-0.04,-0.033,-0.185,1.38,1.195,-1.6,2
-0.71,MAM,2021,-0.2299,0.0919,-0.055,-0.035,-0.003,-0.093,1.38,1.287,-3.1,3
-0.55,MAM,2021,-0.1781,0.0712,-0.043,-0.028,-0.002,-0.072,1.38,1.308,-2.4,4
-0.39,MAM,2021,-0.1263,0.0505,-0.03,-0.02,-0.002,-0.051,1.38,1.329,-1.7,5
-0.3,JJA,2021,-0.0441,0.0177,-0.011,-0.015,-0.001,-0.026,1.38,1.354,0.9,6
-0.35,JJA,2021,-0.0515,0.0206,-0.012,-0.017,-0.001,-0.03,1.38,1.35,1.0,7
-0.45,JJA,2021,-0.0662,0.0265,-0.016,-0.023,-0.001,-0.039,1.38,1.341,1.4,8
-0.63,SON,2021,-0.1669,0.0667,-0.04,-0.032,-0.002,-0.074,1.38,1.306,-0.9,9
-0.76,SON,2021,-0.2013,0.0805,-0.048,-0.038,-0.002,-0.089,1.38,1.291,-1.0,10
-0.91,SON,2021,-0.241,0.0964,-0.058,-0.046,-0.003,-0.106,1.38,1.274,-1.2,11
-0.87,DJF,2021,-0.5121,0.2048,-0.123,-0.044,-0.037,-0.203,1.38,1.177,-1.7,12
-0.82,DJF,2022,-0.4827,0.1931,-0.116,-0.041,-0.035,-0.192,1.41,1.218,-1.6,1
-0.79,DJF,2022,-0.465,0.186,-0.112,-0.04,-0.033,-0.185,1.41,1.225,-1.6,2
-0.86,MAM,2022,-0.2784,0.1114,-0.067,-0.043,-0.003,-0.113,1.41,1.297,-3.8,3
-0.95,MAM,2022,-0.3075,0.123,-0.074,-0.048,-0.004,-0.125,1.41,1.285,-4.2,4
-0.9,MAM,2022,-0.2914,0.1165,-0.07,-0.045,-0.003,-0.118,1.41,1.292,-4.0,5
-0.78,JJA,2022,-0.1148,0.0459,-0.028,-0.039,-0.001,-0.068,1.41,1.342,2.3,6
-0.76,JJA,2022,-0.1118,0.0447,-0.027,-0.038,-0.001,-0.066,1.41,1.344,2.3,7
-0.87,JJA,2022,-0.128,0.0512,-0.031,-0.044,-0.002,-0.076,1.41,1.334,2.6,8
-0.97,SON,2022,-0.2569,0.1028,-0.062,-0.049,-0.003,-0.113,1.41,1.297,-1.3,9
-0.94,SON,2022,-0.249,0.0996,-0.06,-0.047,-0.003,-0.11,1.41,1.3,-1.3,10
-0.85,SON,2022,-0.2251,0.0901,-0.054,-0.043,-0.003,-0.099,1.41,1.311,-1.1,11
-0.71,DJF,2022,-0.4179,0.1672,-0.1,-0.035,-0.03,-0.166,1.41,1.244,-1.4,12
-0.54,DJF,2023,-0.3178,0.1271,-0.076,-0.027,-0.023,-0.126,1.44,1.314,-1.1,1
-0.29,DJF,2023,-0.1707,0.0683,-0.041,-0.014,-0.012,-0.068,1.44,1.372,-0.6,2
-0.02,MAM,2023,-0.0065,0.0026,-0.002,-0.001,-0.0,-0.003,1.44,1.437,-0.1,3
0.27,MAM,2023,0.0874,-0.035,0.021,0.014,0.001,0.036,1.44,1.476,1.2,4
0.57,MAM,2023,0.1845,-0.0738,0.044,0.028,0.002,0.075,1.44,1.515,2.5,5
0.84,JJA,2023,0.1236,-0.0494,0.03,0.042,0.001,0.073,1.44,1.513,-2.5,6
1.12,JJA,2023,0.1648,-0.0659,0.04,0.056,0.002,0.098,1.44,1.538,-3.4,7
1.37,JJA,2023,0.2016,-0.0806,0.048,0.069,0.002,0.119,1.44,1.559,-4.1,8
1.6,SON,2023,0.4238,-0.1695,0.102,0.08,0.005,0.187,1.44,1.627,2.2,9
1.83,SON,2023,0.4847,-0.1939,0.116,0.092,0.006,0.214,1.44,1.654,2.5,10
1.99,SON,2023,0.5271,-0.2108,0.127,0.1,0.006,0.232,1.44,1.672,2.7,11
2.06,DJF,2023,1.2125,-0.485,0.291,0.103,0.087,0.481,1.44,1.921,4.1,12
1.92,DJF,2024,1.1301,-0.452,0.271,0.096,0.081,0.449,1.47,1.919,3.8,1
1.62,DJF,2024,0.9535,-0.3814,0.229,0.081,0.069,0.379,1.47,1.849,3.2,2
1.26,MAM,2024,0.4079,-0.1632,0.098,0.063,0.005,0.166,1.47,1.636,5.5,3
0.82,MAM,2024,0.2655,-0.1062,0.064,0.041,0.003,0.108,1.47,1.578,3.6,4
0.49,MAM,2024,0.1586,-0.0635,0.038,0.025,0.002,0.064,1.47,1.534,2.2,5
0.22,JJA,2024,0.0324,-0.0129,0.008,0.011,0.0,0.019,1.47,1.489,-0.7,6
0.08,JJA,2024,0.0118,-0.0047,0.003,0.004,0.0,0.007,1.47,1.477,-0.2,7
-0.07,JJA,2024,-0.0103,0.0041,-0.002,-0.004,-0.0,-0.006,1.47,1.464,0.2,8
-0.17,SON,2024,-0.045,0.018,-0.011,-0.009,-0.001,-0.02,1.47,1.45,-0.2,9
-0.21,SON,2024,-0.0556,0.0222,-0.013,-0.011,-0.001,-0.025,1.47,1.445,-0.3,10
-0.3,SON,2024,-0.0795,0.0318,-0.019,-0.015,-0.001,-0.035,1.47,1.435,-0.4,11
-0.42,DJF,2024,-0.2472,0.0989,-0.059,-0.021,-0.018,-0.098,1.47,1.372,-0.8,12
-0.45,DJF,2025,-0.2649,0.1059,-0.064,-0.023,-0.019,-0.105,1.5,1.395,-0.9,1
-0.24,DJF,2025,-0.1413,0.0565,-0.034,-0.012,-0.01,-0.056,1.5,1.444,-0.5,2
-0.06,MAM,2025,-0.0194,0.0078,-0.005,-0.003,-0.0,-0.008,1.5,1.492,-0.3,3
0.02,MAM,2025,0.0065,-0.0026,0.002,0.001,0.0,0.003,1.5,1.503,0.1,4
-0.02,MAM,2025,-0.0065,0.0026,-0.002,-0.001,-0.0,-0.003,1.5,1.497,-0.1,5
-0.04,JJA,2025,-0.0059,0.0024,-0.001,-0.002,-0.0,-0.003,1.5,1.497,0.1,6
-0.14,JJA,2025,-0.0206,0.0082,-0.005,-0.007,-0.0,-0.012,1.5,1.488,0.4,7
-0.28,JJA,2025,-0.0412,0.0165,-0.01,-0.014,-0.0,-0.024,1.5,1.476,0.8,8
-0.4,SON,2025,-0.1059,0.0424,-0.025,-0.02,-0.001,-0.047,1.5,1.453,-0.5,9
-0.51,SON,2025,-0.1351,0.054,-0.032,-0.026,-0.002,-0.06,1.5,1.44,-0.7,10
-0.55,SON,2025,-0.1457,0.0583,-0.035,-0.028,-0.002,-0.064,1.5,1.436,-0.7,11
-0.54,DJF,2025,-0.3178,0.1271,-0.076,-0.027,-0.023,-0.126,1.5,1.374,-1.1,12
-0.37,DJF,2026,-0.2178,0.0871,-0.052,-0.018,-0.016,-0.086,1.53,1.444,-0.7,1
-0.15,DJF,2026,-0.0883,0.0353,-0.021,-0.007,-0.006,-0.035,1.53,1.495,-0.3,2
0.11,MAM,2026,0.0356,-0.0142,0.009,0.006,0.0,0.014,1.53,1.544,0.5,3
